episode,reward,moves,checks,mates
0,-4.41,150,3,0
1,-2.32,150,1,0
2,-1.5,39,0,0
3,-3.74,126,1,0
4,-1.52,44,0,0
5,-3.97,150,0,0
6,-4.53,141,1,0
7,-3.94,150,0,0
8,-2.03,63,2,0
9,-3.29,85,0,0
10,-3.3,138,0,0
11,-3.22,101,0,0
12,-2.4,54,0,0
13,-3.63,150,1,0
14,-1.63,52,0,0
15,-1.63,46,0,0
16,-1.28,60,1,0
17,-4.31,112,0,0
18,-3.57,150,0,0
19,-3.68,90,0,0
20,-3.47,150,4,0
21,-1.39,40,0,0
22,-4.04,98,0,0
23,-1.14,30,0,0
24,-1.73,35,0,0
25,-2.58,103,0,0
26,-2.56,53,0,0
27,-1.86,82,1,0
28,-2.1,60,0,0
29,-2.56,115,0,0
30,-1.19,55,0,0
31,-1.54,36,0,0
32,-3.08,75,0,0
33,-2.0,48,0,0
34,-1.17,7,0,0
35,-2.16,85,2,0
36,-2.37,71,2,0
37,-4.33,150,1,0
38,-1.07,2,0,0
39,-3.04,139,0,0
40,-3.79,150,0,0
41,-1.38,34,0,0
42,-3.2,72,2,0
43,-0.57,48,0,0
44,-1.12,13,0,0
45,-1.08,49,0,0
46,-1.15,6,0,0
47,-3.49,87,0,0
48,-4.12,134,0,0
49,-2.96,68,0,0
50,-2.69,52,0,0
51,-3.59,84,0,0
52,-3.96,150,0,0
53,-2.89,150,2,0
54,-4.55,144,0,0
55,-5.03,150,0,0
56,-1.08,3,0,0
57,-6.04,150,0,0
58,-2.4,58,0,0
59,-3.05,150,0,0
60,-1.8,35,2,0
61,-2.86,92,1,0
62,-1.85,113,1,0
63,-3.72,150,0,0
64,-4.16,81,0,0
65,-3.96,138,0,0
66,-2.31,58,0,0
67,-3.89,150,0,0
68,-4.16,150,1,0
69,-4.91,146,0,0
70,-3.26,108,1,0
71,-3.19,82,0,0
72,-1.94,45,0,0
73,-1.91,89,1,0
74,-2.05,49,0,0
75,-3.62,86,1,0
76,-2.46,103,0,0
77,-1.7,41,0,0
78,-1.89,55,0,0
79,-3.99,96,0,0
80,-2.79,150,2,0
81,-1.49,38,0,0
82,-1.65,38,0,0
83,-4.88,150,0,0
84,-1.11,6,0,0
85,-5.11,150,0,0
86,-4.39,141,1,0
87,-2.71,72,0,0
88,-1.9,67,1,0
89,-2.96,150,0,0
90,-2.79,62,1,0
91,-1.81,42,0,0
92,-3.81,124,0,0
93,-3.95,150,0,0
94,-1.96,66,0,0
95,-3.15,109,1,0
96,-5.48,150,0,0
97,-2.81,60,0,0
98,-1.21,11,0,0
99,-1.69,113,0,0
100,-3.06,65,0,0
101,-3.53,97,0,0
102,-2.23,133,0,0
103,-1.75,30,0,0
104,-2.26,50,0,0
105,-4.58,150,1,0
106,-5.37,144,0,0
107,-4.22,150,2,0
108,-4.54,134,0,0
109,-2.54,86,1,0
110,-1.2,10,0,0
111,-4.27,117,0,0
112,-1.37,38,0,0
113,-1.0,13,2,0
114,-2.51,56,0,0
115,-1.97,30,0,0
116,-2.88,80,0,0
117,-2.95,106,1,0
118,-1.18,17,1,0
119,-2.61,52,0,0
120,-1.48,42,1,0
121,-1.26,35,0,0
122,-1.31,33,0,0
123,-1.39,14,0,0
124,-1.05,8,0,0
125,-3.39,150,0,0
126,-2.76,81,0,0
127,-2.42,57,0,0
128,-5.4,150,0,0
129,-1.7,39,0,0
130,-2.3,38,0,0
131,-1.58,24,0,0
132,-1.42,59,1,0
133,-2.38,94,0,0
134,-1.61,41,1,0
135,-0.75,34,1,0
136,-5.43,130,0,0
137,-1.78,69,1,0
138,-1.92,48,2,0
139,-1.2,48,0,0
140,-0.85,108,1,0
141,-3.88,121,0,0
142,-4.1,78,0,0
143,-5.81,150,0,0
144,-1.75,49,0,0
145,-2.95,52,0,0
146,-2.07,51,1,0
147,-3.12,145,0,0
148,-2.78,150,0,0
149,-2.33,100,0,0
150,-4.04,139,2,0
151,-4.89,150,2,0
152,-1.08,41,0,0
153,-1.11,57,0,0
154,-3.84,91,1,0
155,-2.52,150,0,0
156,-3.46,150,1,0
157,-2.56,63,0,0
158,-0.94,41,0,0
159,-3.74,102,0,0
160,-1.4,44,0,0
161,-1.25,10,0,0
162,-2.55,63,0,0
163,-5.57,150,0,0
164,-2.34,74,0,0
165,-4.01,150,0,0
166,-3.12,135,0,0
167,-2.47,150,0,0
168,-1.34,14,0,0
169,-4.46,138,0,0
170,-3.28,91,0,0
171,-0.75,39,0,0
172,-3.26,70,1,0
173,-1.13,49,0,0
174,-1.91,79,0,0
175,-2.91,150,0,0
176,-5.44,150,0,0
177,-3.21,150,1,0
178,-3.86,74,0,0
179,-1.19,36,0,0
180,-1.96,126,1,0
181,-5.52,150,1,0
182,-5.1,150,0,0
183,-2.02,45,1,0
184,-3.69,150,2,0
185,-4.65,92,0,0
186,-1.86,141,2,0
187,-1.7,72,1,0
188,-6.58,150,0,0
189,-2.1,76,4,0
190,-1.24,39,0,0
191,-2.08,42,0,0
192,-4.15,150,0,0
193,-3.33,149,0,0
194,-4.26,148,0,0
195,-2.87,96,0,0
196,-1.12,21,1,0
197,-4.58,150,0,0
198,-0.93,30,0,0
199,-2.28,112,0,0
200,-1.08,18,1,0
201,-2.12,107,0,0
202,-4.49,94,0,0
203,-1.68,42,0,0
204,-1.55,43,0,0
205,-1.05,34,1,0
206,-2.79,59,0,0
207,-1.8,44,0,0
208,-4.24,150,1,0
209,-3.57,96,0,0
210,-4.26,108,0,0
211,-2.66,75,1,0
212,-4.95,150,0,0
213,-3.76,129,0,0
214,-2.01,60,2,0
215,-1.59,37,0,0
216,-3.69,116,0,0
217,-3.41,78,0,0
218,-2.91,60,0,0
219,-2.93,146,0,0
220,-1.92,41,0,0
221,-0.82,56,3,0
222,-4.94,142,1,0
223,-1.26,24,0,0
224,-2.24,52,1,0
225,-1.9,104,1,0
226,-2.09,104,0,0
227,-5.3,150,0,0
228,-3.32,149,0,0
229,-1.28,36,0,0
230,-4.6,150,2,0
231,-1.07,34,0,0
232,-1.5,38,0,0
233,-1.32,38,0,0
234,-2.71,147,0,0
235,-3.61,74,2,0
236,-4.86,150,0,0
237,-3.76,150,0,0
238,-1.92,47,0,0
239,-1.65,23,0,0
240,-3.83,150,0,0
241,-5.47,147,0,0
242,-3.07,150,1,0
243,-1.08,11,0,0
244,-2.13,35,0,0
245,-1.85,44,0,0
246,-1.73,64,0,0
247,-1.77,70,0,0
248,-3.58,135,0,0
249,-1.23,17,1,0
250,-4.17,150,1,0
251,-4.39,150,0,0
252,-3.86,150,1,0
253,-2.06,39,0,0
254,-2.55,78,1,0
255,-3.89,150,0,0
256,-3.37,150,0,0
257,-2.14,92,0,0
258,-1.49,55,1,0
259,-3.69,143,0,0
260,-4.7,150,0,0
261,-4.36,150,0,0
262,-2.21,72,0,0
263,-2.9,67,0,0
264,-4.84,150,0,0
265,-2.5,75,0,0
266,-1.01,9,0,0
267,-2.27,48,0,0
268,-1.53,29,0,0
269,-1.88,60,0,0
270,-4.88,150,2,0
271,-3.06,150,0,0
272,-2.43,46,0,0
273,-4.16,87,1,0
274,-2.25,51,0,0
275,-3.95,150,1,0
276,-3.19,111,0,0
277,-3.79,141,0,0
278,-1.13,34,0,0
279,-2.08,64,2,0
280,-1.27,34,0,0
281,-3.24,150,0,0
282,-1.5,29,1,0
283,-3.21,99,2,0
284,-4.0,145,2,0
285,-3.01,66,0,0
286,-4.69,150,1,0
287,-1.08,97,1,0
288,-2.07,42,0,0
289,-1.03,34,0,0
290,-4.18,150,0,0
291,-6.02,150,0,0
292,-1.72,112,2,0
293,-6.12,150,0,0
294,-2.55,46,0,0
295,-1.1,8,0,0
296,-5.27,150,0,0
297,-4.0,102,1,0
298,-4.78,150,0,0
299,-5.13,150,0,0
300,-2.19,57,0,0
301,-1.71,47,1,0
302,-3.64,150,0,0
303,-5.02,150,0,0
304,-2.03,39,0,0
305,-4.42,130,1,0
306,-4.71,150,0,0
307,-1.09,10,0,0
308,-2.89,103,0,0
309,-3.26,73,0,0
310,-1.33,51,0,0
311,-1.86,31,0,0
312,-2.04,45,0,0
313,-1.54,107,2,0
314,-4.04,107,0,0
315,-1.33,67,1,0
316,-4.28,150,1,0
317,-2.9,55,0,0
318,-3.49,150,1,0
319,-2.29,45,0,0
320,-6.25,150,0,0
321,-1.6,56,0,0
322,-1.14,10,0,0
323,-0.79,31,0,0
324,-2.06,58,1,0
325,-5.18,150,0,0
326,-4.49,150,0,0
327,-2.34,102,0,0
328,-2.66,48,0,0
329,-1.31,37,0,0
330,-2.12,120,0,0
331,-2.86,60,0,0
332,-1.33,47,0,0
333,-2.54,150,1,0
334,-1.89,106,2,0
335,-2.51,69,1,0
336,-4.94,150,1,0
337,-1.23,50,0,0
338,-2.68,48,1,0
339,-4.68,150,2,0
340,-2.35,102,0,0
341,-2.96,99,1,0
342,-4.08,147,0,0
343,-2.67,69,0,0
344,-3.25,87,0,0
345,-2.06,85,0,0
346,-4.58,100,1,0
347,-1.98,49,0,0
348,-4.65,138,1,0
349,-1.16,31,0,0
350,-2.67,106,0,0
351,-4.93,150,0,0
352,-1.19,31,0,0
353,-2.65,118,0,0
354,-4.96,150,0,0
355,-4.76,109,2,0
356,-1.92,101,1,0
357,-2.28,150,0,0
358,-1.51,23,0,0
359,-2.22,150,1,0
360,-1.54,41,1,0
361,-4.96,150,0,0
362,-1.84,65,1,0
363,-6.02,150,0,0
364,-1.18,36,0,0
365,-1.36,41,0,0
366,-2.76,107,0,0
367,-1.07,2,0,0
368,-1.61,34,0,0
369,-1.56,28,0,0
370,-2.29,53,0,0
371,-1.08,11,0,0
372,-4.82,150,0,0
373,-2.61,84,0,0
374,-3.75,113,0,0
375,-3.57,96,0,0
376,-3.02,130,0,0
377,-6.04,150,1,0
378,-1.37,41,0,0
379,-2.02,117,0,0
380,-3.69,95,0,0
381,-1.27,35,1,0
382,-1.79,44,0,0
383,-1.24,41,0,0
384,-4.71,148,0,0
385,-3.88,147,1,0
386,-3.77,139,0,0
387,-2.36,94,0,0
388,-1.21,37,0,0
389,-0.82,45,1,0
390,-1.3,31,1,0
391,-5.06,150,0,0
392,-2.48,79,0,0
393,-2.39,72,0,0
394,-4.27,77,0,0
395,-2.12,42,0,0
396,-2.32,55,0,0
397,-1.04,7,0,0
398,-1.84,40,0,0
399,-4.85,150,1,0
400,-5.08,150,0,0
401,-2.38,78,0,0
402,-2.24,86,0,0
403,-2.67,90,0,0
404,-1.19,110,3,0
405,-2.66,54,1,0
406,-4.97,150,1,0
407,-2.32,55,0,0
408,-4.8,109,0,0
409,-3.07,62,0,0
410,-4.64,150,0,0
411,-5.21,150,0,0
412,-1.72,46,1,0
413,-3.75,117,0,0
414,-2.27,65,0,0
415,-2.73,54,0,0
416,-3.95,90,1,0
417,-4.14,113,0,0
418,-1.79,42,0,0
419,-2.92,74,1,0
420,-1.1,8,0,0
421,-3.9,150,1,0
422,-2.45,71,1,0
423,-1.65,51,0,0
424,-1.69,33,0,0
425,-1.89,43,0,0
426,-2.67,124,0,0
427,-1.53,61,1,0
428,-1.69,30,0,0
429,-1.39,62,1,0
430,-2.58,57,0,0
431,-4.14,150,0,0
432,-1.28,40,0,0
433,-3.35,150,1,0
434,-4.21,150,0,0
435,-1.34,15,1,0
436,-1.93,74,0,0
437,-3.63,131,2,0
438,-4.2,150,1,0
439,-2.36,143,1,0
440,-1.14,4,0,0
441,-3.06,79,0,0
442,-1.19,40,1,0
443,-1.19,38,0,0
444,-2.56,68,0,0
445,-2.86,106,1,0
446,-2.15,45,1,0
447,-2.47,44,0,0
448,-1.26,20,0,0
449,-2.59,55,0,0
450,-1.46,25,0,0
451,-0.86,48,0,0
452,-2.38,137,0,0
453,-3.61,82,0,0
454,-2.88,150,0,0
455,-5.08,150,1,0
456,-3.56,92,3,0
457,-1.07,2,0,0
458,-5.05,132,0,0
459,-1.81,92,1,0
460,-2.01,86,0,0
461,-2.4,42,0,0
462,-1.71,58,1,0
463,-4.74,150,0,0
464,-1.46,22,0,0
465,-2.28,133,0,0
466,-2.17,79,0,0
467,-2.6,117,1,0
468,-1.45,38,0,0
469,-5.69,150,0,0
470,-5.29,144,1,0
471,-4.27,110,1,0
472,-2.55,74,2,0
473,-1.49,46,0,0
474,-1.26,12,0,0
475,-3.06,81,0,0
476,-2.17,73,0,0
477,-4.93,126,0,0
478,-2.91,102,0,0
479,-3.01,61,0,0
480,-3.05,93,0,0
481,-2.47,66,0,0
482,-2.6,150,0,0
483,-2.94,146,1,0
484,-1.11,6,0,0
485,-1.98,115,0,0
486,-2.36,70,0,0
487,-4.1,132,0,0
488,-2.9,70,0,0
489,-2.73,133,0,0
490,-3.7,150,0,0
491,-6.03,150,1,0
492,-1.28,35,0,0
493,-1.67,85,0,0
494,-4.08,146,1,0
495,-3.23,142,0,0
496,-3.38,70,0,0
497,-3.03,150,0,0
498,-1.81,39,1,0
499,-2.14,140,1,0
500,-3.78,146,0,0
501,-1.53,58,0,0
502,-2.92,55,1,0
503,-2.77,116,0,0
504,-2.2,87,0,0
505,-5.66,125,0,0
506,-1.29,41,1,0
507,-1.34,43,1,0
508,-1.53,39,0,0
509,-1.75,30,0,0
510,-1.66,60,0,0
511,-3.33,101,0,0
512,-2.28,75,1,0
513,-2.44,121,0,0
514,-3.96,150,1,0
515,-5.29,150,0,0
516,-1.99,85,0,0
517,-4.23,139,0,0
518,-3.55,87,0,0
519,-2.64,111,0,0
520,-1.58,43,1,0
521,-1.36,34,0,0
522,-4.48,94,0,0
523,-1.08,11,0,0
524,-1.43,44,0,0
525,-0.52,43,2,0
526,-1.1,15,1,0
527,-1.94,46,0,0
528,-4.0,150,1,0
529,-2.1,40,0,0
530,-1.11,8,0,0
531,-2.8,70,0,0
532,-1.22,48,0,0
533,-0.88,42,0,0
534,-1.1,23,0,0
535,-5.21,150,0,0
536,-2.72,101,2,0
537,-1.01,32,0,0
538,-4.35,106,5,0
539,-2.58,57,0,0
540,-1.41,44,0,0
541,-1.94,45,2,0
542,-1.17,7,0,0
543,-4.4,150,2,0
544,-1.57,41,0,0
545,-2.4,57,0,0
546,-3.13,79,0,0
547,-2.22,64,1,0
548,-1.72,54,0,0
549,-3.76,144,0,0
550,-4.44,150,1,0
551,-4.0,117,1,0
552,-2.36,112,0,0
553,-2.72,65,0,0
554,-1.56,32,0,0
555,-3.35,150,3,0
556,-1.47,43,0,0
557,-0.29,17,0,0
558,-3.4,150,1,0
559,-3.16,126,0,0
560,-2.41,66,0,0
561,-2.51,98,0,0
562,-1.33,24,0,0
563,-4.99,108,1,0
564,-5.57,105,1,0
565,-3.51,134,0,0
566,-1.8,32,0,0
567,1.03,32,3,1
568,-5.47,150,0,0
569,-1.34,74,0,0
570,-5.2,150,0,0
571,-1.46,50,0,0
572,-0.67,28,0,0
573,-1.41,76,2,0
574,-3.79,144,2,0
575,-4.61,150,0,0
576,-1.22,24,0,0
577,-4.95,150,0,0
578,-5.0,113,1,0
579,-5.55,150,0,0
580,-4.88,150,0,0
581,-4.09,96,0,0
582,-1.51,85,0,0
583,-1.42,87,0,0
584,-1.15,5,0,0
585,-1.3,62,0,0
586,-1.41,31,0,0
587,-1.74,42,0,0
588,-2.07,130,1,0
589,-2.88,125,0,0
590,-1.24,15,0,0
591,-3.06,130,0,0
592,-1.16,47,0,0
593,-5.96,150,0,0
594,-0.7,38,0,0
595,-2.41,61,0,0
596,-2.65,82,0,0
597,-1.98,150,0,0
598,-1.96,73,2,0
599,-2.48,70,0,0
600,-5.26,150,0,0
601,-2.37,84,0,0
602,-3.92,150,0,0
603,-2.94,150,0,0
604,-1.27,17,0,0
605,-2.01,47,1,0
606,-4.62,147,0,0
607,-2.4,142,1,0
608,-2.71,150,3,0
609,-1.23,36,1,0
610,-5.54,150,0,0
611,-5.87,135,0,0
612,-1.12,49,2,0
613,-3.24,150,0,0
614,-1.22,15,0,0
615,-1.54,46,0,0
616,-0.57,38,0,0
617,-2.45,101,0,0
618,-1.96,49,0,0
619,-1.99,71,1,0
620,-2.33,48,1,0
621,-1.62,53,0,0
622,-3.71,96,0,0
623,-5.68,150,2,0
624,-1.29,17,0,0
625,-2.37,150,0,0
626,-1.52,20,0,0
627,-3.09,46,0,0
628,-3.59,136,0,0
629,-1.05,69,0,0
630,-1.75,57,1,0
631,-2.42,42,0,0
632,-2.76,56,0,0
633,-2.72,115,1,0
634,-4.71,150,1,0
635,-1.13,10,0,0
636,-2.52,64,0,0
637,-1.91,45,0,0
638,-1.86,56,1,0
639,-5.39,150,0,0
640,-4.05,150,1,0
641,-3.19,99,0,0
642,-3.88,150,0,0
643,-4.33,150,0,0
644,-1.54,79,0,0
645,-2.79,52,0,0
646,-2.5,64,0,0
647,-1.09,4,0,0
648,-2.31,104,0,0
649,-1.6,93,0,0
650,-2.21,46,0,0
651,-3.17,102,0,0
652,-0.55,36,0,0
653,-1.59,59,0,0
654,-5.19,150,1,0
655,-0.52,68,2,0
656,-3.68,87,0,0
657,-5.06,149,0,0
658,-3.62,91,0,0
659,-5.6,150,0,0
660,-2.07,59,0,0
661,-2.6,72,0,0
662,-2.0,123,3,0
663,-4.43,116,0,0
664,-1.41,37,0,0
665,-1.65,53,3,0
666,-1.53,43,0,0
667,-4.59,150,1,0
668,-1.39,37,2,0
669,-3.14,150,0,0
670,-1.13,3,0,0
671,-3.23,150,4,0
672,-3.7,150,0,0
673,-1.22,44,1,0
674,-1.01,47,0,0
675,-1.74,53,0,0
676,-1.36,39,1,0
677,-4.45,150,0,0
678,-1.13,8,0,0
679,-2.11,110,1,0
680,-2.81,59,0,0
681,-4.95,150,0,0
682,-3.34,114,0,0
683,-1.88,40,0,0
684,-3.66,123,3,0
685,-1.68,77,0,0
686,-1.45,46,0,0
687,-2.16,84,1,0
688,-1.84,45,0,0
689,-0.81,31,0,0
690,-1.25,35,0,0
691,-1.54,39,0,0
692,-5.47,150,1,0
693,-3.53,137,0,0
694,-1.33,50,0,0
695,-3.26,150,1,0
696,-3.04,110,0,0
697,-2.14,65,0,0
698,-1.2,33,0,0
699,-4.2,120,0,0
700,-3.1,117,1,0
701,-4.43,106,0,0
702,-2.05,84,0,0
703,-3.39,137,0,0
704,-1.06,82,0,0
705,-1.45,38,0,0
706,-3.31,150,2,0
707,-1.16,20,0,0
708,-0.4,34,0,0
709,-2.03,50,0,0
710,-1.8,90,4,0
711,-1.81,81,3,0
712,-2.49,134,0,0
713,-2.84,88,0,0
714,-0.29,34,0,0
715,-2.96,79,0,0
716,-4.37,130,2,0
717,-1.9,45,0,0
718,-1.68,107,1,0
719,-1.43,45,0,0
720,-2.33,101,1,0
721,-1.45,39,0,0
722,-1.16,8,0,0
723,-3.56,150,0,0
724,-1.73,42,0,0
725,-3.99,150,2,0
726,-4.04,111,0,0
727,-1.16,12,0,0
728,-3.52,80,0,0
729,-5.3,150,1,0
730,-1.46,50,2,0
731,-1.7,27,0,0
732,-2.8,54,0,0
733,-1.19,34,1,0
734,-0.6,43,2,0
735,-4.61,150,4,0
736,-1.14,9,0,0
737,-3.43,95,2,0
738,-1.25,19,0,0
739,-2.42,56,1,0
740,-4.94,150,0,0
741,-4.02,150,1,0
742,-1.19,12,0,0
743,-2.36,92,1,0
744,-3.63,150,1,0
745,-4.62,150,0,0
746,-1.53,95,4,0
747,-1.22,7,0,0
748,-4.1,150,0,0
749,-3.83,150,0,0
750,-3.03,150,0,0
751,-1.99,130,1,0
752,-1.84,72,0,0
753,-2.59,74,0,0
754,-1.18,17,0,0
755,-5.38,115,0,0
756,-2.34,37,0,0
757,-1.14,14,0,0
758,-3.53,111,1,0
759,-0.83,36,1,0
760,-4.84,150,1,0
761,-4.45,150,1,0
762,-1.77,83,1,0
763,-2.45,71,0,0
764,-0.83,39,1,0
765,-1.7,56,0,0
766,-0.67,34,2,0
767,-5.07,123,0,0
768,-0.76,46,0,0
769,-2.36,45,0,0
770,-2.28,38,0,0
771,-3.26,86,0,0
772,-2.92,76,0,0
773,-1.69,67,0,0
774,-3.3,139,0,0
775,-1.57,28,0,0
776,-2.24,129,0,0
777,-1.57,106,2,0
778,-0.67,71,3,0
779,-4.43,150,1,0
780,-1.84,51,0,0
781,-3.56,118,0,0
782,-1.19,49,0,0
783,-2.53,82,0,0
784,-4.12,150,0,0
785,-0.91,41,0,0
786,-0.63,41,0,0
787,-2.56,54,0,0
788,-0.88,48,4,0
789,-2.78,62,0,0
790,-1.06,42,0,0
791,-1.12,83,1,0
792,-1.17,33,0,0
793,-1.89,36,0,0
794,-2.02,37,0,0
795,-4.62,150,1,0
796,-2.52,61,0,0
797,-1.63,58,0,0
798,-3.0,150,0,0
799,-0.71,44,0,0
800,-3.22,108,0,0
801,-2.64,72,0,0
802,-1.29,73,0,0
803,-1.44,102,0,0
804,-2.87,126,0,0
805,-2.16,112,0,0
806,-0.06,27,1,0
807,-1.14,17,1,0
808,-1.14,10,0,0
809,-1.17,45,0,0
810,-1.12,46,0,0
811,-1.28,35,0,0
812,-2.21,76,0,0
813,-3.19,132,0,0
814,-1.11,55,2,0
815,-2.62,117,2,0
816,-0.78,50,1,0
817,-3.45,126,1,0
818,-1.0,44,0,0
819,-3.91,138,0,0
820,-1.88,28,0,0
821,-5.32,150,1,0
822,-2.36,77,2,0
823,-3.45,132,0,0
824,-1.04,55,0,0
825,-1.09,31,0,0
826,-2.6,66,1,0
827,-2.77,110,0,0
828,-1.11,55,0,0
829,-2.96,116,0,0
830,-1.26,21,0,0
831,-1.27,19,0,0
832,-1.1,52,1,0
833,-5.41,150,0,0
834,-1.58,44,1,0
835,-4.73,148,0,0
836,-1.1,26,2,0
837,-3.2,149,1,0
838,-0.45,39,1,0
839,-3.99,150,0,0
840,-1.39,27,1,0
841,-5.46,108,0,0
842,-4.16,111,0,0
843,-4.96,102,0,0
844,-0.92,34,0,0
845,-4.76,150,5,0
846,-1.99,55,0,0
847,-3.12,150,0,0
848,-1.24,60,0,0
849,-1.34,19,0,0
850,-0.98,34,0,0
851,-0.97,43,0,0
852,-4.22,133,0,0
853,-5.01,150,1,0
854,-0.84,46,1,0
855,-3.3,119,0,0
856,-2.32,65,2,0
857,-3.29,105,0,0
858,-0.88,42,0,0
859,-5.1,124,0,0
860,-1.71,77,0,0
861,-4.3,132,0,0
862,-1.13,32,0,0
863,-4.04,150,1,0
864,-0.74,37,0,0
865,-4.22,150,2,0
866,-1.1,5,0,0
867,-2.17,92,2,0
868,-1.66,47,0,0
869,-5.38,150,0,0
870,-0.29,33,3,0
871,-1.73,29,0,0
872,-0.35,41,1,0
873,-1.62,29,0,0
874,-1.56,64,2,0
875,-1.04,33,0,0
876,-2.17,92,1,0
877,-1.46,28,1,0
878,-2.15,65,1,0
879,-0.59,51,1,0
880,-1.63,127,1,0
881,-4.54,114,0,0
882,-0.76,30,0,0
883,-3.25,150,0,0
884,-0.94,38,2,0
885,-2.06,38,0,0
886,-2.51,111,0,0
887,-2.97,106,3,0
888,-0.77,40,3,0
889,-4.25,150,0,0
890,-0.94,45,2,0
891,-3.84,150,1,0
892,-1.13,8,0,0
893,-2.21,44,2,0
894,-0.78,32,0,0
895,-3.2,68,0,0
896,-1.04,37,0,0
897,-3.22,150,0,0
898,-1.09,8,0,0
899,-2.11,55,1,0
900,-0.93,43,1,0
901,-1.35,15,0,0
902,-0.76,51,0,0
903,-1.53,27,0,0
904,-0.01,45,5,0
905,-1.97,80,0,0
906,-1.03,18,1,0
907,-1.52,60,0,0
908,-1.52,62,0,0
909,-3.11,67,1,0
910,-3.07,93,1,0
911,-1.9,28,0,0
912,-1.23,48,0,0
913,-1.27,38,0,0
914,-0.46,34,0,0
915,-4.3,127,1,0
916,-1.04,9,2,0
917,-1.27,38,1,0
918,-0.24,30,0,0
919,-2.76,68,0,0
920,1.05,14,1,1
921,-1.03,41,2,0
922,-0.57,39,1,0
923,-1.34,40,0,0
924,-0.78,40,2,0
925,-6.27,150,0,0
926,-0.5,35,2,0
927,-2.99,95,0,0
928,-1.57,25,0,0
929,-1.73,36,0,0
930,-0.93,52,2,0
931,-1.77,55,1,0
932,-0.12,26,0,0
933,-3.38,150,3,0
934,-1.87,33,0,0
935,-3.62,78,0,0
936,-1.28,52,0,0
937,-2.87,54,1,0
938,-0.1,37,1,0
939,-1.0,31,1,0
940,-0.51,40,0,0
941,-3.64,150,0,0
942,-0.16,33,1,0
943,-2.9,150,0,0
944,-0.05,32,3,0
945,-4.44,150,1,0
946,-0.2,21,0,0
947,-4.99,150,0,0
948,-0.77,39,0,0
949,-1.37,68,0,0
950,-0.16,45,4,0
951,-1.23,118,2,0
952,-0.92,51,0,0
953,-3.66,145,0,0
954,-0.58,36,0,0
955,-1.32,25,0,0
956,-0.58,38,2,0
957,-2.51,76,0,0
958,-0.53,34,0,0
959,-1.35,20,0,0
960,-1.12,10,0,0
961,-4.9,150,0,0
962,-1.7,54,0,0
963,-3.71,108,0,0
964,-1.17,7,0,0
965,-1.5,61,0,0
966,-0.05,31,1,0
967,-2.36,148,0,0
968,-1.17,10,0,0
969,-1.15,5,0,0
970,-1.17,9,0,0
971,-5.04,150,0,0
972,-0.93,35,0,0
973,-2.94,150,2,0
974,-1.15,5,0,0
975,-4.3,117,0,0
976,-0.79,29,0,0
977,-2.07,37,0,0
978,-0.42,44,0,0
979,-2.3,75,1,0
980,-0.58,29,0,0
981,-4.3,150,3,0
982,-0.51,33,0,0
983,-3.34,150,0,0
984,-1.3,42,0,0
985,-3.9,101,1,0
986,-0.42,41,0,0
987,-1.57,41,0,0
988,-0.39,42,0,0
989,-1.98,70,0,0
990,-1.25,17,0,0
991,-1.66,77,0,0
992,-1.56,45,1,0
993,-2.25,63,0,0
994,-0.37,43,3,0
995,-1.85,40,0,0
996,-2.12,68,0,0
997,-2.52,110,1,0
998,-0.29,32,0,0
999,-4.81,141,1,0
1000,-0.27,27,0,0
1001,-1.14,33,0,0
1002,0.02,24,2,0
1003,-4.24,113,0,0
1004,-0.19,28,0,0
1005,-1.34,49,2,0
1006,-0.01,29,1,0
1007,-1.49,40,1,0
1008,-1.08,5,0,0
1009,-4.27,150,0,0
1010,-1.45,67,1,0
1011,-4.47,150,1,0
1012,-1.25,47,0,0
1013,-1.04,41,0,0
1014,-0.45,25,0,0
1015,-4.7,150,0,0
1016,-2.22,55,3,0
1017,-3.64,71,0,0
1018,-4.5,116,0,0
1019,-1.82,130,0,0
1020,-0.68,44,0,0
1021,-3.94,150,1,0
1022,-1.09,46,1,0
1023,-4.21,150,0,0
1024,-0.17,43,2,0
1025,-1.64,37,0,0
1026,-1.44,68,0,0
1027,-2.71,116,0,0
1028,-1.09,55,0,0
1029,-1.91,68,0,0
1030,-0.08,30,0,0
1031,-2.7,110,0,0
1032,-2.15,64,1,0
1033,-3.9,106,4,0
1034,-1.34,43,0,0
1035,-5.04,150,0,0
1036,-0.46,44,0,0
1037,-1.4,13,0,0
1038,-0.43,37,0,0
1039,-3.22,143,0,0
1040,-0.13,29,0,0
1041,-2.68,88,1,0
1042,0.06,36,0,0
1043,-3.98,150,0,0
1044,-0.66,45,4,0
1045,-5.97,150,0,0
1046,-0.19,44,3,0
1047,-1.82,73,2,0
1048,-1.24,24,0,0
1049,-3.27,70,1,0
1050,-0.92,52,0,0
1051,-1.44,49,2,0
1052,-0.62,25,0,0
1053,-2.93,89,1,0
1054,-0.59,36,2,0
1055,-1.7,106,2,0
1056,-0.46,31,0,0
1057,-4.02,150,1,0
1058,-1.01,47,0,0
1059,-5.73,136,0,0
1060,-1.33,31,0,0
1061,-3.54,141,0,0
1062,-0.2,41,1,0
1063,-5.14,150,2,0
1064,-0.56,30,2,0
1065,-5.4,150,1,0
1066,-2.94903e-17,47,3,0
1067,-1.57,18,0,0
1068,-0.38,28,0,0
1069,-2.09,46,2,0
1070,-0.59,31,0,0
1071,-1.05,8,0,0
1072,-0.15,31,0,0
1073,-0.37,64,5,0
1074,-0.66,26,0,0
1075,-2.98,119,1,0
1076,-1.45,23,0,0
1077,-2.39,126,0,0
1078,-0.82,34,0,0
1079,-1.11,6,0,0
1080,-0.25,25,1,0
1081,-3.84,150,0,0
1082,-0.08,31,1,0
1083,-2.15,77,0,0
1084,-0.2,35,1,0
1085,-2.6,76,0,0
1086,-0.39,41,0,0
1087,-2.18,62,1,0
1088,-0.14,35,0,0
1089,-2.3,110,0,0
1090,-1.25,57,4,0
1091,-2.14,61,0,0
1092,-0.87,48,0,0
1093,-3.91,150,0,0
1094,-0.27,35,0,0
1095,-1.28,62,0,0
1096,-0.28,43,1,0
1097,-4.7,150,0,0
1098,-1.28,49,0,0
1099,-1.08,111,4,0
1100,-1.23,27,1,0
1101,-6.15,125,0,0
1102,-0.03,26,0,0
1103,-3.39,99,0,0
1104,-0.65,39,0,0
1105,-3.3,118,0,0
1106,-1.0,37,0,0
1107,-5.08,150,0,0
1108,-0.09,25,0,0
1109,-2.06,59,0,0
1110,-0.34,53,0,0
1111,-2.21,98,0,0
1112,-0.08,24,0,0
1113,-5.58,129,2,0
1114,-0.34,24,1,0
1115,-2.99,123,0,0
1116,-0.85,46,0,0
1117,-1.33,123,2,0
1118,-0.59,35,1,0
1119,-2.34,93,0,0
1120,-0.36,33,0,0
1121,-1.68,39,0,0
1122,-0.75,35,0,0
1123,-3.35,107,1,0
1124,-0.62,33,0,0
1125,-2.84,150,2,0
1126,-0.64,38,1,0
1127,-3.76,84,0,0
1128,-0.52,38,1,0
1129,-1.79,75,0,0
1130,-0.2,28,0,0
1131,-3.68,92,0,0
1132,0.02,33,0,0
1133,-1.54,59,2,0
1134,-1.45,40,1,0
1135,-1.13,48,2,0
1136,-0.24,30,0,0
1137,-2.0,39,0,0
1138,-0.36,30,3,0
1139,-4.24,150,0,0
1140,-0.27,29,1,0
1141,-2.08,55,1,0
1142,-0.8,44,2,0
1143,-4.71,150,2,0
1144,-0.59,36,0,0
1145,-2.6,145,0,0
1146,-0.09,25,0,0
1147,-1.95,78,0,0
1148,-0.03,24,1,0
1149,-1.76,55,0,0
1150,-0.4,23,0,0
1151,-0.88,31,0,0
1152,-0.3,35,0,0
1153,-3.66,92,0,0
1154,-0.46,44,4,0
1155,-3.2,102,3,0
1156,-0.84,34,0,0
1157,-3.24,150,0,0
1158,-0.15,36,1,0
1159,-1.42,41,2,0
1160,-1.4,63,1,0
1161,-3.67,150,2,0
1162,-0.29,39,0,0
1163,-1.52,61,1,0
1164,-0.14,30,0,0
1165,-1.26,43,1,0
1166,-0.78,43,0,0
1167,-3.08,90,0,0
1168,-0.84,41,0,0
1169,-4.49,150,3,0
1170,-0.59,50,0,0
1171,-3.64,150,0,0
1172,-0.29,30,0,0
1173,-1.29,46,6,0
1174,-0.03,22,0,0
1175,-1.18,9,0,0
1176,-0.57,23,0,0
1177,-3.15,150,0,0
1178,-0.09,33,0,0
1179,-2.74,78,1,0
1180,-0.4,36,0,0
1181,-3.98,150,2,0
1182,-1.54,51,0,0
1183,-1.38,48,0,0
1184,-0.46,26,0,0
1185,-1.63,64,1,0
1186,0.01,33,0,0
1187,-2.38,62,3,0
1188,-1.13,10,1,0
1189,-3.08,136,2,0
1190,-0.79,43,1,0
1191,-5.0,150,0,0
1192,-0.19,27,0,0
1193,-0.59,38,1,0
1194,-0.39,38,0,0
1195,-1.05,18,0,0
1196,-1.3,51,0,0
1197,-2.42,131,0,0
1198,-0.59,45,2,0
1199,-1.06,9,0,0
1200,-0.99,39,0,0
1201,-2.11,127,0,0
1202,-0.1,26,0,0
1203,-4.25,150,0,0
1204,-0.24,41,1,0
1205,-6.01,150,0,0
1206,-0.15,29,0,0
1207,-2.35,126,0,0
1208,-0.03,24,0,0
1209,-4.71,150,1,0
1210,-0.66,34,0,0
1211,-1.13,3,0,0
1212,-0.55,51,1,0
1213,-4.63,149,0,0
1214,-0.84,42,0,0
1215,-1.24,57,3,0
1216,-0.21,38,1,0
1217,-2.65,71,0,0
1218,-0.3,31,0,0
1219,-2.16,69,0,0
1220,-0.01,32,2,0
1221,-2.08,58,0,0
1222,-0.85,44,0,0
1223,-1.53,15,0,0
1224,-0.72,58,0,0
1225,-4.6,150,0,0
1226,0.04,24,2,0
1227,-3.01,94,1,0
1228,-0.74,35,0,0
1229,-2.94,88,1,0
1230,0.22,24,3,0
1231,-4.24,150,3,0
1232,-0.11,25,0,0
1233,-0.97,44,0,0
1234,-0.25,41,0,0
1235,-4.7,150,0,0
1236,-0.43,29,0,0
1237,-1.36,68,1,0
1238,-0.28,34,2,0
1239,-4.6,119,0,0
1240,-0.36,48,0,0
1241,-6.02,150,0,0
1242,-0.05,33,2,0
1243,-4.42,150,0,0
1244,-0.5,47,1,0
1245,-4.65,150,2,0
1246,-0.28,25,1,0
1247,-2.08,65,0,0
1248,-0.32,42,0,0
1249,-2.97,150,1,0
1250,-0.15,34,0,0
1251,-3.37,91,0,0
1252,-0.69,40,0,0
1253,-0.7,41,0,0
1254,-0.42,35,0,0
1255,-2.61,56,1,0
1256,-0.17,52,2,0
1257,-1.13,3,0,0
1258,-0.18,34,1,0
1259,-3.11,150,2,0
1260,-0.05,21,0,0
1261,-4.6,150,0,0
1262,-0.13,27,0,0
1263,-3.91,115,0,0
1264,-0.24,45,0,0
1265,-2.16,105,0,0
1266,-0.34,35,0,0
1267,-1.28,23,1,0
1268,-0.34,45,1,0
1269,-2.58,64,2,0
1270,-1.36,56,1,0
1271,-1.15,47,1,0
1272,-0.48,51,1,0
1273,-1.0,44,0,0
1274,0.08,23,2,0
1275,-4.48,150,0,0
1276,-0.33,39,0,0
1277,-3.94,108,0,0
1278,-0.14,40,1,0
1279,-1.92,59,1,0
1280,0.01,33,3,0
1281,-2.61,52,1,0
1282,-0.55,27,1,0
1283,-4.3,150,1,0
1284,-0.44,31,0,0
1285,-0.14,24,1,0
1286,-1.45,58,3,0
1287,-5.09,150,0,0
1288,0.04,33,4,0
1289,-1.57,63,2,0
1290,-0.85,40,0,0
1291,-3.49,149,5,0
1292,-0.53,35,0,0
1293,-2.62,77,0,0
1294,-1.0,46,0,0
1295,-1.76,34,0,0
1296,-0.56,34,0,0
1297,-1.2,35,2,0
1298,-0.17,35,0,0
1299,-1.65,55,0,0
1300,-0.49,27,0,0
1301,-2.36,53,1,0
1302,-0.46,45,0,0
1303,-3.62,150,0,0
1304,-0.74,36,0,0
1305,-1.25,43,0,0
1306,-0.93,39,0,0
1307,-4.76,150,1,0
1308,-1.36,45,0,0
1309,-1.71,40,0,0
1310,-0.05,26,1,0
1311,-1.37,30,0,0
1312,-0.39,49,0,0
1313,-1.33,37,0,0
1314,-0.19,36,1,0
1315,-2.56,43,0,0
1316,-0.46,29,1,0
1317,-0.96,10,1,0
1318,-0.06,27,1,0
1319,-4.4,150,1,0
1320,-0.22,36,0,0
1321,-1.78,38,0,0
1322,-1.98,77,4,0
1323,-2.59,81,2,0
1324,-0.09,28,1,0
1325,-5.05,150,0,0
1326,-1.07,35,0,0
1327,-4.03,150,0,0
1328,-0.01,20,0,0
1329,-1.28,42,0,0
1330,-0.59,59,1,0
1331,-2.12,99,0,0
1332,-0.43,26,0,0
1333,-0.91,52,0,0
1334,-0.75,41,2,0
1335,-1.07,2,0,0
1336,-0.33,36,0,0
1337,-4.24,150,3,0
1338,-0.41,33,0,0
1339,-3.33,145,1,0
1340,-0.58,48,0,0
1341,-0.91,7,0,0
1342,-0.57,30,0,0
1343,-1.51,39,0,0
1344,0.09,32,1,0
1345,-4.67,150,0,0
1346,-0.41,24,0,0
1347,-3.25,140,1,0
1348,-0.26,33,0,0
1349,-3.66,150,0,0
1350,-0.95,40,0,0
1351,-1.13,43,0,0
1352,-0.3,45,4,0
1353,-4.17,150,0,0
1354,-0.09,30,2,0
1355,-2.52,123,1,0
1356,-0.3,46,0,0
1357,-2.0,57,0,0
1358,-0.06,27,1,0
1359,-2.31,45,1,0
1360,-1.18,24,2,0
1361,-2.85,62,1,0
1362,-0.35,25,1,0
1363,-0.88,40,1,0
1364,-0.59,32,0,0
1365,-4.91,150,4,0
1366,-0.44,36,3,0
1367,-2.94,80,0,0
1368,-0.66,34,0,0
1369,-1.37,44,0,0
1370,-0.09,39,2,0
1371,-4.4,150,1,0
1372,-0.16,32,0,0
1373,-5.04,150,3,0
1374,-0.53,33,0,0
1375,-2.16,68,0,0
1376,-0.57,26,1,0
1377,-5.14,150,0,0
1378,-0.39,30,2,0
1379,-1.32,89,0,0
1380,-0.53,45,1,0
1381,-2.3,59,0,0
1382,-0.26,55,1,0
1383,-1.86,55,3,0
1384,-0.74,29,0,0
1385,-3.12,148,0,0
1386,-0.76,44,0,0
1387,-1.16,21,0,0
1388,-0.11,30,2,0
1389,-1.97,50,1,0
1390,-0.27,35,0,0
1391,-4.53,150,0,0
1392,-0.16,30,3,0
1393,-2.89,95,0,0
1394,-0.56,43,0,0
1395,-3.11,99,1,0
1396,0.11,34,2,0
1397,-4.65,150,1,0
1398,-0.41,35,3,0
1399,-5.16,141,1,0
1400,-2.04,66,1,0
1401,-5.15,131,0,0
1402,-0.53,34,2,0
1403,-5.52,150,1,0
1404,-0.25,41,1,0
1405,-1.14,57,0,0
1406,-0.06,26,1,0
1407,-1.36,45,0,0
1408,-0.48,26,0,0
1409,-2.47,88,3,0
1410,-0.71,30,0,0
1411,-3.08,60,1,0
1412,-0.3,35,0,0
1413,-3.8,150,0,0
1414,-0.07,26,0,0
1415,-1.18,9,0,0
1416,-0.82,42,1,0
1417,-3.36,92,0,0
1418,-0.33,45,3,0
1419,-3.04,150,0,0
1420,-0.61,44,1,0
1421,-2.48,150,0,0
1422,-0.01,27,2,0
1423,-0.81,30,0,0
1424,-0.31,32,1,0
1425,-3.04,76,0,0
1426,0.14,41,6,0
1427,-1.89,33,2,0
1428,-0.56,34,1,0
1429,-0.98,8,0,0
1430,-0.61,76,4,0
1431,-5.31,150,1,0
1432,0.01,35,1,0
1433,-5.12,150,0,0
1434,-0.91,12,1,0
1435,-5.77,150,0,0
1436,0.02,32,3,0
1437,-2.78,150,2,0
1438,-0.39,52,7,0
1439,-4.99,150,0,0
1440,-0.65,31,1,0
1441,-2.76,87,0,0
1442,0.24,33,3,0
1443,-2.25,106,1,0
1444,-0.75,31,1,0
1445,-1.85,46,3,0
1446,0.02,53,5,0
1447,-3.48,121,5,0
1448,1.08,11,2,1
1449,-4.17,90,0,0
1450,0.04,30,1,0
1451,-4.95,150,1,0
1452,-0.02,31,1,0
1453,-0.11,50,3,0
1454,-0.29,36,3,0
1455,-0.38,40,2,0
1456,-0.79,61,3,0
1457,-3.15,78,0,0
1458,-0.1,36,2,0
1459,-2.07,76,0,0
1460,-2.2551405e-17,44,4,0
1461,-3.0,107,0,0
1462,-0.85,57,0,0
1463,-0.96,53,0,0
1464,-0.88,39,0,0
1465,-3.6,127,0,0
1466,-0.15,31,0,0
1467,-2.8,71,0,0
1468,-0.51,60,0,0
1469,-2.12,73,0,0
1470,-0.33,35,1,0
1471,-1.26,14,0,0
1472,-0.18,44,3,0
1473,-2.28,73,0,0
1474,-0.73,37,2,0
1475,-4.85,150,2,0
1476,-0.29,31,1,0
1477,-2.43,102,0,0
1478,-1.43,71,1,0
1479,-4.44,150,0,0
1480,-0.14,43,2,0
1481,-0.82,49,0,0
1482,0.2,28,4,0
1483,-4.49,138,0,0
1484,-2.4286129e-17,26,1,0
1485,-5.3,150,0,0
1486,-0.28,42,1,0
1487,-0.74,38,0,0
1488,0.04,33,1,0
1489,-1.12,7,0,0
1490,0.2,27,3,0
1491,-1.98,40,0,0
1492,-0.15,33,0,0
1493,-2.15,150,0,0
1494,-0.17,44,1,0
1495,-5.08,146,0,0
1496,-0.12,38,1,0
1497,-4.79,150,1,0
1498,-0.27,46,1,0
1499,-2.87,63,1,0
1500,-1.1,60,1,0
1501,-1.94,77,2,0
1502,-0.77,33,1,0
1503,-1.82,55,0,0
1504,-0.83,41,0,0
1505,-1.51,54,0,0
1506,-1.0,49,2,0
1507,-1.76,123,0,0
1508,-0.36,50,2,0
1509,-1.7,80,4,0
1510,-0.2,55,2,0
1511,-2.09,49,1,0
1512,-0.46,43,6,0
1513,-0.91,102,3,0
1514,-0.31,26,1,0
1515,-1.42,43,0,0
1516,-0.53,29,0,0
1517,-1.63,47,2,0
1518,-0.43,35,2,0
1519,-4.82,150,0,0
1520,-0.12,53,2,0
1521,-2.97,65,0,0
1522,-0.22,42,7,0
1523,-2.68,105,0,0
1524,-0.75,36,1,0
1525,-3.8,150,2,0
1526,-1.21,69,0,0
1527,-4.98,135,0,0
1528,0.05,37,2,0
1529,-0.5,45,4,0
1530,-0.27,35,1,0
1531,-4.09,150,0,0
1532,-0.19,37,1,0
1533,-4.22,150,0,0
1534,-2.61,80,2,0
1535,-4.49,150,1,0
1536,-0.63,67,1,0
1537,-3.32,74,0,0
1538,-0.69,42,2,0
1539,-3.47,98,1,0
1540,-0.17,52,4,0
1541,-1.9,55,0,0
1542,-0.25,49,2,0
1543,-2.69,72,2,0
1544,-0.18,55,4,0
1545,-1.36,21,0,0
1546,-0.03,35,3,0
1547,-2.6,68,1,0
1548,-0.61,72,5,0
1549,-3.78,97,3,0
1550,-0.67,32,0,0
1551,-1.23,51,0,0
1552,-1.0,16,1,0
1553,-1.35,124,1,0
1554,-0.08,23,1,0
1555,-2.1,48,0,0
1556,-0.26,39,3,0
1557,-2.17,64,0,0
1558,-0.14,41,2,0
1559,-3.19,150,0,0
1560,-0.5,31,1,0
1561,-2.36,133,1,0
1562,-0.36,43,0,0
1563,-2.24,58,3,0
1564,-0.28,30,2,0
1565,-2.42,82,0,0
1566,-0.21,33,0,0
1567,-3.31,124,2,0
1568,-0.36,56,4,0
1569,-4.38,150,4,0
1570,-2.01,84,5,0
1571,-1.21,50,0,0
1572,-0.13,31,1,0
1573,1.08,20,2,1
1574,-0.98,52,4,0
1575,-1.48,46,2,0
1576,-0.15,31,1,0
1577,-3.84,150,4,0
1578,0.06,32,3,0
1579,-0.72,33,0,0
1580,-0.03,39,4,0
1581,-0.64,37,5,0
1582,-0.55,44,0,0
1583,-1.34,62,3,0
1584,0.22,40,4,0
1585,-1.7,84,0,0
1586,-0.63,41,1,0
1587,-2.16,82,3,0
1588,-1.12,51,6,0
1589,-4.53,124,2,0
1590,0.07,23,1,0
1591,-3.73,150,3,0
1592,-0.22,43,1,0
1593,-0.81,38,4,0
1594,-0.19,43,2,0
1595,-1.38,39,0,0
1596,0.28,31,2,0
1597,-2.39,87,2,0
1598,-0.07,33,2,0
1599,-2.65,113,2,0
1600,-0.23,38,2,0
1601,-3.71,104,0,0
1602,-0.78,36,2,0
1603,-4.59,150,1,0
1604,-0.29,42,1,0
1605,-1.6,31,1,0
1606,0.17,32,2,0
1607,-1.38,88,1,0
1608,-1.03,49,6,0
1609,-3.25,150,1,0
1610,-0.16,39,2,0
1611,-1.68,41,0,0
1612,0.08,45,5,0
1613,-0.7,42,3,0
1614,-0.38,55,2,0
1615,-1.42,70,4,0
1616,0.36,56,9,0
1617,-2.01,104,0,0
1618,0.06,43,4,0
1619,-3.57,73,2,0
1620,-0.21,32,0,0
1621,-3.25,137,1,0
1622,-0.06,49,5,0
1623,-3.42,128,1,0
1624,0.23,39,4,0
1625,-2.98,100,1,0
1626,-0.1,39,1,0
1627,-3.03,66,1,0
1628,-0.58,37,1,0
1629,-0.62,48,0,0
1630,-0.65,44,3,0
1631,-3.72,100,3,0
1632,-0.46,35,3,0
1633,-1.3,22,0,0
1634,0.13,31,3,0
1635,-3.43,150,0,0
1636,-0.97,42,3,0
1637,-3.58,103,0,0
1638,-0.44,46,4,0
1639,-1.84,89,1,0
1640,-0.27,35,1,0
1641,-2.59,47,0,0
1642,0.14,52,7,0
1643,-0.98,8,3,0
1644,0.13,41,3,0
1645,-3.21,99,0,0
1646,0.12,30,3,0
1647,-1.78,36,0,0
1648,-0.64,46,6,0
1649,-1.61,46,0,0
1650,-0.34,45,2,0
1651,-2.98,107,4,0
1652,-0.65,54,7,0
1653,-5.57,150,0,0
1654,-0.26,39,4,0
1655,-1.85,94,1,0
1656,-0.83,25,5,0
1657,-3.89,145,4,0
1658,-0.05,28,1,0
1659,-1.48,143,5,0
1660,-0.75,54,5,0
1661,-2.55,124,0,0
1662,-0.05,31,1,0
1663,-1.52,95,3,0
1664,0.07,36,2,0
1665,-1.6,52,0,0
1666,-0.31,42,3,0
1667,-1.72,67,3,0
1668,-0.31,42,1,0
1669,-4.06,128,2,0
1670,0.11,39,10,0
1671,-4.82,150,8,0
1672,1.33,22,4,1
1673,-4.49,112,0,0
1674,0.49,43,10,0
1675,-4.3,150,3,0
1676,-3.469447e-17,40,4,0
1677,-3.14,134,1,0
1678,-0.37,32,3,0
1679,-1.29,50,1,0
1680,-0.04,52,4,0
1681,-0.44,51,2,0
1682,-0.85,50,2,0
1683,-3.31,134,5,0
1684,0.05,35,3,0
1685,-1.03,6,0,0
1686,0.56,31,7,0
1687,-2.85,143,5,0
1688,0.18,48,11,0
1689,-1.06,62,0,0
1690,-1.08,62,3,0
1691,-1.85,47,6,0
1692,-0.06,35,2,0
1693,-2.44,105,0,0
1694,-0.18,35,4,0
1695,-1.9,65,1,0
1696,-0.09,29,3,0
1697,-1.77,101,3,0
1698,0.17,37,5,0
1699,-1.41,48,3,0
1700,0.24,47,10,0
1701,-1.77,60,1,0
1702,0.11,41,9,0
1703,-1.32,51,2,0
1704,-1.05,55,2,0
1705,-1.15,132,3,0
1706,0.3,43,7,0
1707,-1.68,86,13,0
1708,0.27,37,6,0
1709,-3.22,150,1,0
1710,0.45,61,12,0
1711,-1.48,87,5,0
1712,-0.34,38,2,0
1713,-2.47,74,3,0
1714,0.45,34,7,0
1715,-1.29,70,2,0
1716,0.09,52,8,0
1717,-0.8,34,5,0
1718,0.32,39,8,0
1719,-2.74,150,4,0
1720,-2.13,82,4,0
1721,-3.61,150,2,0
1722,-3.23,150,6,0
1723,-1.16,75,2,0
1724,0.26,55,10,0
1725,-0.62,69,2,0
1726,-0.06,36,4,0
1727,1.13,13,2,1
1728,1.7,26,10,1
1729,-1.61,53,2,0
1730,0.37,34,6,0
1731,-1.27,54,1,0
1732,0.29,48,7,0
1733,-2.6,105,5,0
1734,0.43,49,10,0
1735,-1.22,111,0,0
1736,-0.52,37,1,0
1737,-2.2,53,1,0
1738,0.44,43,9,0
1739,-2.07,124,7,0
1740,0.41,47,10,0
1741,-1.09,49,3,0
1742,1.6,15,7,1
1743,-1.35,61,5,0
1744,0.64,42,13,0
1745,-1.37,53,1,0
1746,0.47,39,8,0
1747,-1.16,21,2,0
1748,-0.08,61,8,0
1749,-2.41,111,3,0
1750,0.17,27,3,0
1751,-1.41,148,3,0
1752,-0.23,45,9,0
1753,-1.52,32,3,0
1754,0.51,55,15,0
1755,-2.64,88,5,0
1756,-1.46,85,11,0
1757,-4.94,124,1,0
1758,0.25,74,9,0
1759,-2.22,76,7,0
1760,-0.85,11,2,0
1761,-0.2,52,8,0
1762,-1.34,75,4,0
1763,-1.46,25,1,0
1764,0.59,52,15,0
1765,-2.4,137,3,0
1766,0.38,41,5,0
1767,-1.4,50,0,0
1768,-0.03,52,10,0
1769,-2.41,150,3,0
1770,-0.13,41,2,0
1771,-1.89,111,3,0
1772,0.49,38,9,0
1773,-1.43,20,1,0
1774,-2.6020852e-17,46,7,0
1775,-3.51,150,3,0
1776,0.33,43,13,0
1777,-4.57,133,2,0
1778,0.32,70,12,0
1779,-3.08,123,3,0
1780,-0.23,44,11,0
1781,-0.94,43,2,0
1782,0.5,42,10,0
1783,-0.94,36,2,0
1784,0.21,37,6,0
1785,-1.51,50,1,0
1786,0.14,40,3,0
1787,-3.27,98,1,0
1788,-2.82,138,7,0
1789,-1.5,92,1,0
1790,0.69,57,18,0
1791,-1.81,78,5,0
1792,0.38,49,10,0
1793,-2.31,74,2,0
1794,-1.47,92,7,0
1795,-0.68,39,5,0
1796,0.39,47,8,0
1797,-1.3,43,7,0
1798,0.55,46,11,0
1799,-3.69,150,7,0
1800,0.39,42,9,0
1801,-2.21,99,5,0
1802,-1.65,54,10,0
1803,-5.27,150,3,0
1804,0.14,35,6,0
1805,-0.66,38,2,0
1806,-0.02,41,4,0
1807,-2.02,74,1,0
1808,0.39,58,13,0
1809,-2.54,96,7,0
1810,0.2,47,11,0
1811,-5.38,148,2,0
1812,0.33,30,4,0
1813,-3.24,150,4,0
1814,0.27,50,8,0
1815,-4.13,150,5,0
1816,-0.51,41,2,0
1817,-1.62,74,2,0
1818,0.29,52,7,0
1819,-3.7,130,4,0
1820,0.7,41,13,0
1821,-2.26,75,1,0
1822,-0.31,34,5,0
1823,-0.97,50,4,0
1824,0.05,50,9,0
1825,-3.62,102,2,0
1826,0.01,52,11,0
1827,-2.28,140,2,0
1828,0.65,42,11,0
1829,-1.47,81,5,0
1830,0.42,40,7,0
1831,-1.54,61,4,0
1832,-1.16,77,8,0
1833,-1.35,38,6,0
1834,0.64,31,11,0
1835,-2.93,97,4,0
1836,0.46,31,5,0
1837,-1.0,93,4,0
1838,0.53,39,9,0
1839,-2.24,116,1,0
1840,-0.9,72,8,0
1841,-4.16,150,6,0
1842,0.2,59,7,0
1843,-2.75,150,5,0
1844,0.23,54,9,0
1845,-4.39,116,4,0
1846,-0.02,41,4,0
1847,-3.2,150,2,0
1848,0.63,17,8,0
1849,-3.65,87,2,0
1850,0.63,17,8,0
1851,-0.49,61,4,0
1852,1.66,25,9,1
1853,-0.95,39,1,0
1854,0.58,28,8,0
1855,-2.46,79,2,0
1856,0.13,49,6,0
1857,-2.56,84,4,0
1858,-0.02,74,10,0
1859,-2.14,100,5,0
1860,0.44,49,13,0
1861,-2.27,77,5,0
1862,0.77,38,15,0
1863,-0.13,73,5,0
1864,0.32,60,11,0
1865,-0.58,47,5,0
1866,-2.7755576e-17,64,9,0
1867,-3.02,95,3,0
1868,0.47,42,8,0
1869,-2.11,89,6,0
1870,0.47,61,12,0
1871,-2.45,116,3,0
1872,0.2,67,12,0
1873,-1.35,150,8,0
1874,0.41,50,9,0
1875,-0.73,53,3,0
1876,0.17,49,6,0
1877,-1.82,101,9,0
1878,0.46,46,9,0
1879,-4.11,123,3,0
1880,0.19,47,9,0
1881,-0.64,40,3,0
1882,0.53,37,10,0
1883,-2.07,46,0,0
1884,0.53,33,9,0
1885,-3.44,80,5,0
1886,0.63,17,8,0
1887,-1.69,57,2,0
1888,0.44,49,12,0
1889,-3.61,116,6,0
1890,0.4,49,7,0
1891,-2.98,150,3,0
1892,0.22,40,4,0
1893,-1.31,63,3,0
1894,0.63,17,8,0
1895,-0.23,57,5,0
1896,0.39,41,8,0
1897,-2.54,65,5,0
1898,0.63,17,8,0
1899,-2.8,150,7,0
1900,0.37,55,8,0
1901,-0.99,7,1,0
1902,-0.76,59,5,0
1903,-1.52,104,2,0
1904,0.08,60,7,0
1905,-3.31,150,2,0
1906,0.38,27,5,0
1907,-3.9,126,1,0
1908,0.14,43,10,0
1909,-2.41,81,5,0
1910,-0.43,52,9,0
1911,-2.27,111,2,0
1912,-0.13,82,9,0
1913,-0.07,51,6,0
1914,0.15,57,7,0
1915,-2.61,145,6,0
1916,0.68,27,11,0
1917,-4.13,131,3,0
1918,0.34,42,7,0
1919,-1.37,80,4,0
1920,0.2,53,12,0
1921,-2.34,150,5,0
1922,0.53,53,11,0
1923,-3.64,124,2,0
1924,-0.17,61,8,0
1925,-1.77,96,3,0
1926,0.59,48,11,0
1927,-2.11,65,4,0
1928,0.36,47,10,0
1929,-1.32,83,4,0
1930,0.17,56,7,0
1931,-1.08,112,1,0
1932,0.75,35,14,0
1933,-1.95,143,3,0
1934,0.37,59,12,0
1935,-1.04,52,2,0
1936,0.59,42,13,0
1937,0.07,77,10,0
1938,0.22,56,6,0
1939,-4.04,150,4,0
1940,-0.17,39,2,0
1941,-1.57,150,6,0
1942,1.57,13,6,1
1943,-3.24,150,3,0
1944,0.59,67,13,0
1945,-3.01,150,2,0
1946,0.27,60,11,0
1947,-1.13,59,3,0
1948,0.14,64,8,0
1949,-0.23,70,5,0
1950,0.75,51,17,0
1951,-1.21,63,3,0
1952,0.16,45,9,0
1953,-1.3,84,6,0
1954,0.38,23,4,0
1955,-0.42,62,5,0
1956,0.47,35,9,0
1957,-2.66,131,5,0
1958,0.31,45,7,0
1959,-4.17,150,2,0
1960,0.71,40,14,0
1961,-0.64,55,2,0
1962,0.69,52,15,0
1963,-3.63,150,1,0
1964,0.61,19,8,0
1965,-0.9,65,2,0
1966,0.51,24,7,0
1967,-0.16,79,6,0
1968,0.61,19,8,0
1969,-1.22,111,2,0
1970,0.63,17,8,0
1971,-1.23,80,4,0
1972,0.61,19,8,0
1973,-2.5,83,4,0
1974,0.46,19,5,0
1975,-0.38,52,8,0
1976,0.67,40,12,0
1977,-0.98,11,2,0
1978,0.63,17,8,0
1979,-1.06,22,2,0
1980,0.51,24,7,0
1981,-0.51,60,6,0
1982,0.73,30,11,0
1983,-0.05,64,7,0
1984,0.67,23,10,0
1985,-4.98,150,3,0
1986,0.6,47,12,0
1987,-1.4,79,8,0
1988,0.19,84,16,0
1989,-1.46,135,6,0
1990,0.38,50,11,0
1991,-0.56,41,2,0
1992,0.43,28,6,0
1993,-2.11,109,5,0
1994,0.13,50,9,0
1995,-0.63,92,6,0
1996,0.61,19,8,0
1997,-3.15,86,1,0
1998,0.59,53,14,0
1999,-2.82,111,2,0
2000,0.09,81,9,0
2001,-2.14,150,4,0
2002,0.64,21,9,0
2003,-2.2,77,0,0
2004,0.63,17,8,0
2005,-0.53,52,7,0
2006,0.64,21,9,0
2007,-1.9,64,3,0
2008,0.56,31,9,0
2009,-2.95,84,1,0
2010,0.61,52,15,0
2011,-2.88,147,5,0
2012,0.69,31,12,0
2013,-0.97,88,4,0
2014,0.29,37,5,0
2015,-2.76,150,8,0
2016,-0.53,64,11,0
2017,-0.66,77,4,0
2018,0.48,38,10,0
2019,-0.22,75,6,0
2020,0.45,40,9,0
2021,0.15,33,4,0
2022,0.7,25,11,0
2023,-0.64,59,3,0
2024,0.61,19,8,0
2025,-1.96,138,6,0
2026,-0.03,32,3,0
2027,-2.86,79,3,0
2028,0.36,56,10,0
2029,-0.22,51,0,0
2030,0.67,23,10,0
2031,-1.43,88,2,0
2032,0.37,29,6,0
2033,-3.23,95,3,0
2034,0.33,53,14,0
2035,-1.75,122,7,0
2036,0.8,25,13,0
2037,-2.39,150,5,0
2038,0.69,27,11,0
2039,-0.52,49,7,0
2040,0.66,52,15,0
2041,-3.59,119,5,0
2042,0.63,17,8,0
2043,-0.76,89,5,0
2044,0.31,52,8,0
2045,-1.47,97,3,0
2046,0.22,51,8,0
2047,-1.94,150,7,0
2048,0.54,38,10,0
2049,-1.24,71,2,0
2050,0.49,37,9,0
2051,-3.469447e-17,62,6,0
2052,0.54,42,11,0
2053,-1.47,70,8,0
2054,0.5,31,8,0
2055,1.34,15,5,1
2056,0.44,31,7,0
2057,-0.79,136,6,0
2058,0.44,43,9,0
2059,-0.8,17,4,0
2060,0.56,35,9,0
2061,-1.48,67,7,0
2062,0.63,17,8,0
2063,-1.45,59,3,0
2064,-1.02,44,8,0
2065,-0.52,34,4,0
2066,0.3,53,11,0
2067,-1.16,70,7,0
2068,0.28,44,5,0
2069,-4.94,150,7,0
2070,0.67,35,12,0
2071,-0.14,64,6,0
2072,0.08,70,13,0
2073,-0.32,30,2,0
2074,0.64,68,17,0
2075,-0.15,76,8,0
2076,0.61,52,13,0
2077,-2.46,111,5,0
2078,-0.16,48,7,0
2079,-0.65,37,4,0
2080,0.45,51,12,0
2081,-1.87,94,8,0
2082,0.67,38,13,0
2083,-0.75,88,4,0
2084,0.92,36,16,0
2085,-0.63,47,6,0
2086,0.18,56,13,0
2087,-0.52,90,11,0
2088,-0.07,89,12,0
2089,-2.08,122,4,0
2090,0.33,44,6,0
2091,-0.01,79,10,0
2092,0.51,35,9,0
2093,-2.56,150,4,0
2094,0.7,25,11,0
2095,-0.04,53,6,0
2096,0.68,38,12,0
2097,-3.09,128,3,0
2098,0.45,53,11,0
2099,-0.12,59,6,0
2100,0.5,44,9,0
2101,-1.4,150,9,0
2102,0.63,17,8,0
2103,-0.37,73,6,0
2104,0.6,46,13,0
2105,-0.79,57,3,0
2106,0.49,63,14,0
2107,-0.32,47,5,0
2108,0.74,26,12,0
2109,-1.47,82,5,0
2110,0.64,21,9,0
2111,0.17,46,6,0
2112,0.29,48,6,0
2113,-0.9,42,8,0
2114,0.53,47,14,0
2115,-0.94,7,2,0
2116,0.85,36,15,0
2117,-2.32,116,4,0
2118,0.63,17,8,0
2119,-0.09,38,2,0
2120,0.62,23,9,0
2121,-0.59,28,0,0
2122,0.61,47,13,0
2123,0.18,48,7,0
2124,0.5,41,10,0
2125,-0.14,37,4,0
2126,0.59,52,13,0
2127,-0.46,39,3,0
2128,0.61,19,8,0
2129,-0.46,48,6,0
2130,0.53,22,7,0
2131,-1.64,73,4,0
2132,-0.02,57,17,0
2133,0.09,61,7,0
2134,0.52,45,8,0
2135,-0.39,48,5,0
2136,0.57,46,10,0
2137,-0.68,69,3,0
2138,0.67,41,12,0
2139,-0.08,30,4,0
2140,0.63,17,8,0
2141,0.01,33,3,0
2142,0.65,36,12,0
2143,-0.11,62,5,0
2144,0.63,17,8,0
2145,-1.17,77,3,0
2146,0.74,42,14,0
2147,-0.69,51,3,0
2148,1.04,51,23,0
2149,-0.2,41,4,0
2150,0.49,42,10,0
2151,-0.63,46,4,0
2152,-0.54,50,10,0
2153,-0.73,59,5,0
2154,0.55,20,8,0
2155,-1.32,59,2,0
2156,0.6,63,16,0
2157,-3.01,150,4,0
2158,0.63,17,8,0
2159,-0.26,98,9,0
2160,0.73,27,12,0
2161,-1.5,65,6,0
2162,-1.21,59,4,0
2163,-0.89,94,7,0
2164,0.63,17,8,0
2165,-0.88,63,2,0
2166,0.31,37,6,0
2167,-2.51,93,4,0
2168,0.8,30,14,0
2169,-0.51,24,4,0
2170,0.53,27,8,0
2171,-0.05,38,2,0
2172,1.7,37,12,1
2173,-0.22,66,4,0
2174,0.36,57,10,0
2175,-0.08,33,5,0
2176,0.8,25,13,0
2177,-0.53,64,2,0
2178,0.37,31,6,0
2179,-1.41,82,3,0
2180,0.66,29,11,0
2181,-0.86,45,3,0
2182,0.46,61,11,0
2183,-4.91,150,3,0
2184,0.63,17,8,0
2185,-0.5,56,3,0
2186,0.7,30,12,0
2187,0.32,20,7,0
2188,0.88,27,15,0
2189,-1.23,52,5,0
2190,0.67,50,14,0
2191,-1.95,96,3,0
2192,0.38,49,9,0
2193,0.32,35,6,0
2194,0.64,21,9,0
2195,-0.76,70,6,0
2196,0.63,17,8,0
2197,-0.15,43,4,0
2198,0.49,43,14,0
2199,-2.86,115,4,0
2200,0.55,30,9,0
2201,-0.31,59,8,0
2202,0.63,17,8,0
2203,-0.25,52,2,0
2204,0.63,17,8,0
2205,0.01,52,6,0
2206,0.74,21,11,0
2207,-0.35,43,5,0
2208,0.63,17,8,0
2209,-0.18,59,3,0
2210,0.76,29,13,0
2211,-0.22,78,6,0
2212,0.58,34,9,0
2213,-1.04,53,5,0
2214,0.63,17,8,0
2215,-0.21,34,4,0
2216,0.43,48,11,0
2217,0.04,46,7,0
2218,0.63,17,8,0
2219,-0.05,48,4,0
2220,0.51,52,14,0
2221,-0.32,45,4,0
2222,0.7,25,11,0
2223,-0.37,49,2,0
2224,0.44,48,10,0
2225,0.07,70,10,0
2226,0.95,36,17,0
2227,-5.89806e-17,50,4,0
2228,0.45,70,12,0
2229,-0.62,55,7,0
2230,0.43,22,5,0
2231,-2.09,87,4,0
2232,0.63,17,8,0
2233,-0.07,63,7,0
2234,0.54,32,9,0
2235,-0.05,34,2,0
2236,0.74,26,12,0
2237,-0.1,66,6,0
2238,0.63,17,8,0
2239,-0.77,89,4,0
2240,0.65,46,13,0
2241,0.11,23,4,0
2242,-0.6,50,11,0
2243,0.03,35,5,0
2244,0.55,32,8,0
2245,-1.09,28,0,0
2246,0.67,21,10,0
2247,0.05,71,10,0
2248,0.63,17,8,0
2249,-0.96,72,9,0
2250,0.84,28,14,0
2251,-4.36,142,3,0
2252,0.35,56,8,0
2253,-0.18,45,2,0
2254,0.45,47,10,0
2255,-2.97,94,5,0
2256,0.65,41,13,0
2257,-0.63,40,6,0
2258,0.52,55,13,0
2259,-0.05,61,8,0
2260,-0.07,33,2,0
2261,-0.83,54,2,0
2262,0.63,17,8,0
2263,0.08,24,3,0
2264,0.7,43,13,0
2265,-2.58,129,7,0
2266,0.78,27,13,0
2267,-0.13,49,3,0
2268,0.79,21,12,0
2269,-0.04,49,4,0
2270,0.42,59,13,0
2271,0.04,37,7,0
2272,-1.1,75,11,0
2273,-1.43,66,3,0
2274,-0.99,63,11,0
2275,0.13,26,4,0
2276,0.53,38,11,0
2277,0.12,37,6,0
2278,0.55,42,11,0
2279,-1.81,77,6,0
2280,1.55,26,8,1
2281,-0.06,32,3,0
2282,0.29,37,7,0
2283,0.2,24,3,0
2284,0.35,48,9,0
2285,-0.05,82,8,0
2286,0.73,32,13,0
2287,-0.49,38,5,0
2288,0.21,64,16,0
2289,-0.01,60,7,0
2290,0.62,30,10,0
2291,0.04,69,8,0
2292,0.77,23,12,0
2293,-0.1,52,3,0
2294,-0.34,55,9,0
2295,0.01,45,4,0
2296,0.06,65,8,0
2297,-0.54,32,2,0
2298,0.51,42,13,0
2299,-0.54,85,4,0
2300,0.59,21,8,0
2301,-0.86,38,5,0
2302,0.67,50,12,0
2303,0.08,32,5,0
2304,0.09,30,1,0
2305,-0.13,52,5,0
2306,0.28,49,12,0
2307,-0.31,70,3,0
2308,0.47,55,11,0
2309,-1.88,65,3,0
2310,0.79,21,12,0
2311,0.13,46,7,0
2312,0.43,53,10,0
2313,0.17,34,5,0
2314,0.55,43,13,0
2315,0.42,25,9,0
2316,0.79,21,12,0
2317,0.01,60,7,0
2318,0.55,46,11,0
2319,-3.469447e-17,49,6,0
2320,0.73,44,15,0
2321,-0.06,41,5,0
2322,-0.81,47,8,0
2323,0.01,24,2,0
2324,0.15,47,12,0
2325,-1.36,32,3,0
2326,0.47,45,11,0
2327,-1.18,67,3,0
2328,0.66,31,11,0
2329,0.19,25,4,0
2330,0.64,42,12,0
2331,0.05,28,4,0
2332,0.11,38,6,0
2333,0.12,31,6,0
2334,0.06,87,14,0
2335,-0.17,63,5,0
2336,0.71,55,16,0
2337,-1.79,90,6,0
2338,0.61,55,15,0
2339,-0.39,62,6,0
2340,0.55,47,13,0
2341,0.06,38,5,0
2342,0.51,41,9,0
2343,0.15,36,4,0
2344,0.78,28,12,0
2345,0.34,30,8,0
2346,0.61,26,9,0
2347,-0.66,44,7,0
2348,0.14,62,12,0
2349,-0.09,39,3,0
2350,0.72,36,13,0
2351,0.06,23,2,0
2352,0.33,69,15,0
2353,0.21,55,8,0
2354,0.66,46,13,0
2355,-0.53,65,4,0
2356,0.59,67,19,0
2357,-0.34,67,5,0
2358,0.59,36,11,0
2359,-0.95,8,2,0
2360,-1.89,60,4,0
2361,-0.23,36,2,0
2362,0.38,54,10,0
2363,0.1,29,3,0
2364,0.27,45,7,0
2365,0.01,32,4,0
2366,0.54,48,10,0
2367,-1.23,99,6,0
2368,-0.29,45,11,0
2369,0.09,25,3,0
2370,0.24,74,18,0
2371,-1.18,93,4,0
2372,0.56,39,11,0
2373,0.12,31,5,0
2374,0.62,30,10,0
2375,-2.69,116,2,0
2376,0.61,26,9,0
2377,0.3,32,5,0
2378,0.43,43,12,0
2379,0.02,47,6,0
2380,0.41,47,11,0
2381,-0.14,32,6,0
2382,0.64,47,13,0
2383,-0.01,50,4,0
2384,0.01,62,11,0
2385,0.08,31,4,0
2386,0.56,51,12,0
2387,-0.06,45,4,0
2388,0.71,37,12,0
2389,-0.22,68,5,0
2390,0.66,46,14,0
2391,0.13,31,5,0
2392,0.71,40,13,0
2393,0.1,33,6,0
2394,0.85,25,14,0
2395,-0.14,42,4,0
2396,0.75,66,18,0
2397,-0.14,58,5,0
2398,0.47,29,7,0
2399,-0.08,42,2,0
2400,0.09,21,1,0
2401,1.29,13,4,1
2402,0.63,17,8,0
2403,-0.46,49,5,0
2404,0.63,17,8,0
2405,-0.22,33,5,0
2406,0.75,25,12,0
2407,-0.29,32,2,0
2408,0.49,49,12,0
2409,0.1,28,5,0
2410,0.63,17,8,0
2411,-0.14,33,4,0
2412,-0.18,73,17,0
2413,0.11,30,2,0
2414,0.05,46,4,0
2415,-0.02,41,4,0
2416,0.79,21,12,0
2417,0.35,28,10,0
2418,0.29,48,7,0
2419,-0.02,58,5,0
2420,0.63,17,8,0
2421,-0.96,57,4,0
2422,0.62,23,9,0
2423,-0.56,35,2,0
2424,0.81,41,13,0
2425,0.05,50,5,0
2426,0.66,39,13,0
2427,-0.01,27,1,0
2428,1.46,14,4,1
2429,-0.03,31,3,0
2430,0.63,17,8,0
2431,-0.05,33,2,0
2432,0.61,26,9,0
2433,0.19,26,4,0
2434,0.73,27,12,0
2435,0.12,26,5,0
2436,0.57,45,13,0
2437,0.02,29,3,0
2438,0.67,30,10,0
2439,0.07,56,6,0
2440,0.64,47,14,0
2441,-0.18,54,4,0
2442,0.38,33,6,0
2443,0.03,23,3,0
2444,0.79,21,12,0
2445,-1.13,108,9,0
2446,0.67,44,13,0
2447,0.03,31,3,0
2448,0.74,21,11,0
2449,0.08,43,4,0
2450,0.63,17,8,0
2451,-0.12,53,3,0
2452,0.5,51,14,0
2453,0.08,30,5,0
2454,0.7,32,12,0
2455,0.25,24,4,0
2456,0.45,58,12,0
2457,-0.99,7,1,0
2458,0.63,17,8,0
2459,0.01,23,3,0
2460,0.63,17,8,0
2461,0.1,48,5,0
2462,0.65,36,11,0
2463,0.1,39,6,0
2464,0.88,27,15,0
2465,0.05,41,5,0
2466,0.61,45,14,0
2467,0.19,30,4,0
2468,0.68,53,15,0
2469,-0.04,47,6,0
2470,0.53,54,11,0
2471,-0.07,63,6,0
2472,0.79,21,12,0
2473,-0.26,43,4,0
2474,0.48,58,14,0
2475,0.03,38,4,0
2476,0.67,21,10,0
2477,0.13,18,1,0
2478,0.67,49,15,0
2479,0.16,32,7,0
2480,0.5,51,13,0
2481,-0.95,64,7,0
2482,0.64,47,12,0
2483,-0.75,57,4,0
2484,0.11,66,12,0
2485,-0.31,53,8,0
2486,0.63,17,8,0
2487,0.07,71,10,0
2488,0.12,55,11,0
2489,-0.04,65,7,0
2490,0.69,48,13,0
2491,-0.08,42,3,0
2492,0.52,55,14,0
2493,0.1,40,4,0
2494,0.47,59,13,0
2495,-0.05,54,6,0
2496,1.45,15,4,1
2497,0.25,24,4,0
2498,0.21,75,12,0
2499,0.23,26,4,0
2500,0.6,41,11,0
2501,-0.29,60,3,0
2502,0.59,43,12,0
2503,0.14,24,5,0
2504,-0.38,38,9,0
2505,0.2,24,3,0
2506,0.66,56,14,0
2507,-0.04,89,9,0
2508,0.79,21,12,0
2509,0.21,24,4,0
2510,0.11,55,13,0
2511,0.13,41,7,0
2512,0.61,56,13,0
2513,0.06,32,5,0
2514,0.52,33,9,0
2515,-0.3,50,4,0
2516,0.6,58,17,0
2517,-0.18,47,4,0
2518,-0.04,75,14,0
2519,0.01,32,4,0
2520,0.7,23,11,0
2521,-0.5,36,5,0
2522,0.59,43,12,0
2523,-0.63,74,9,0
2524,0.5,56,12,0
2525,0.16,47,4,0
2526,0.39,62,13,0
2527,1.19,14,3,1
2528,0.81,24,13,0
2529,0.09,31,5,0
2530,0.7,61,15,0
2531,0.27,24,4,0
2532,0.46,55,14,0
2533,0.08,27,4,0
2534,0.58,72,16,0
2535,-0.15,76,8,0
2536,0.44,50,12,0
2537,-0.53,60,7,0
2538,0.75,30,13,0
2539,0.06,42,3,0
2540,0.92,38,18,0
2541,-0.46,57,6,0
2542,0.4,67,11,0
2543,0.08,32,5,0
2544,-0.21,60,13,0
2545,-0.07,51,6,0
2546,0.67,21,10,0
2547,0.07,26,4,0
2548,0.56,37,10,0
2549,0.08,25,4,0
2550,0.73,32,13,0
2551,-0.5,64,5,0
2552,0.79,21,12,0
2553,0.12,26,5,0
2554,-0.01,40,5,0
2555,0.26,42,10,0
2556,0.6,46,13,0
2557,0.25,28,8,0
2558,0.65,25,10,0
2559,0.12,41,8,0
2560,1.45,15,4,1
2561,0.01,27,3,0
2562,0.61,53,14,0
2563,0.02,31,4,0
2564,-0.12,33,9,0
2565,0.08,25,4,0
2566,-0.51,57,12,0
2567,-0.23,69,4,0
2568,0.73,73,19,0
2569,0.12,26,5,0
2570,0.45,42,8,0
2571,-0.06,34,3,0
2572,0.44,48,13,0
2573,0.12,25,4,0
2574,0.81,40,15,0
2575,-0.99,7,1,0
2576,0.84,26,14,0
2577,0.07,27,3,0
2578,0.81,24,13,0
2579,0.04,29,4,0
2580,1.5,15,5,1
2581,0.17,28,4,0
2582,0.81,24,13,0
2583,0.01,39,3,0
2584,0.84,32,15,0
2585,0.28,20,7,0
2586,0.77,56,18,0
2587,0.01,47,7,0
2588,0.41,47,10,0
2589,0.09,34,5,0
2590,1.01,40,20,0
2591,1.41,27,6,1
2592,0.79,31,14,0
2593,0.26,32,9,0
2594,0.6,63,15,0
2595,-2.7755576e-17,61,6,0
2596,0.58,45,12,0
2597,0.08,23,2,0
2598,0.81,24,13,0
2599,0.36,27,7,0
2600,0.79,21,12,0
2601,0.18,35,7,0
2602,-0.06,58,17,0
2603,-0.25,48,2,0
2604,0.79,53,17,0
2605,0.2,31,4,0
2606,0.81,24,13,0
2607,0.2,39,7,0
2608,0.6,48,13,0
2609,0.04,26,3,0
2610,-0.17,40,9,0
2611,0.08,25,4,0
2612,0.57,30,9,0
2613,0.2,43,7,0
2614,0.68,39,11,0
2615,0.01,34,3,0
2616,0.54,76,14,0
2617,0.23,45,7,0
2618,0.81,41,13,0
2619,0.1,33,6,0
2620,-0.49,81,14,0
2621,-1.01,41,2,0
2622,0.11,54,7,0
2623,0.06,38,5,0
2624,0.81,24,13,0
2625,-0.17,100,11,0
2626,0.81,24,13,0
2627,0.15,32,3,0
2628,0.81,24,13,0
2629,0.01,50,6,0
2630,0.54,47,13,0
2631,0.04,29,4,0
2632,0.64,38,12,0
2633,0.05,36,4,0
2634,0.41,40,10,0
2635,-0.36,46,3,0
2636,1.47,13,4,1
2637,0.07,31,5,0
2638,1.47,13,4,1
2639,-0.04,32,3,0
2640,0.81,24,13,0
2641,0.06,40,5,0
2642,0.81,24,13,0
2643,-2.94903e-17,59,7,0
2644,0.81,24,13,0
2645,0.26,70,14,0
2646,0.9,30,16,0
2647,-0.09,39,3,0
2648,0.81,24,13,0
2649,-0.15,61,5,0
2650,0.81,24,13,0
2651,0.1,37,5,0
2652,0.79,21,12,0
2653,-0.25,25,4,0
2654,0.58,48,13,0
2655,0.08,29,4,0
2656,0.56,58,13,0
2657,-0.11,46,3,0
2658,1.47,13,4,1
2659,-0.1,64,9,0
2660,0.71,61,18,0
2661,0.01,38,3,0
2662,0.68,47,15,0
2663,0.17,38,6,0
2664,0.8,56,19,0
2665,-0.03,31,3,0
2666,0.4,46,11,0
2667,0.09,42,6,0
2668,0.85,25,14,0
2669,-0.06,70,8,0
2670,0.53,60,14,0
2671,-0.2,42,4,0
2672,1.46,14,4,1
2673,0.08,27,4,0
2674,1.47,13,4,1
2675,0.05,66,9,0
2676,1.51,14,5,1
2677,-0.57,42,3,0
2678,0.49,47,13,0
2679,-0.16,49,3,0
2680,0.81,24,13,0
2681,0.1,30,5,0
2682,1.47,13,4,1
2683,0.07,25,3,0
2684,1.47,13,4,1
2685,-0.04,42,5,0
2686,0.69,24,11,0
2687,0.01,60,7,0
2688,1.47,13,4,1
2689,-0.4,38,3,0
2690,0.37,47,10,0
2691,0.08,42,7,0
2692,1.47,13,4,1
2693,0.07,53,7,0
2694,0.58,55,16,0
2695,0.13,51,8,0
2696,-0.84,57,9,0
2697,0.2,44,8,0
2698,0.33,50,11,0
2699,-0.07,53,4,0
2700,1.47,13,4,1
2701,0.08,36,3,0
2702,1.52,13,5,1
2703,-0.27,65,3,0
2704,0.4,56,14,0
2705,0.03,29,3,0
2706,1.47,13,4,1
2707,-0.05,36,3,0
2708,0.64,31,11,0
2709,-0.1,66,7,0
2710,0.81,58,16,0
2711,-0.43,61,4,0
2712,0.38,54,11,0
2713,-0.25,39,4,0
2714,0.62,28,10,0
2715,0.22,34,6,0
2716,1.45,15,4,1
2717,0.12,59,10,0
2718,0.81,24,13,0
2719,-0.05,46,4,0
2720,0.65,43,13,0
2721,-1.13,55,5,0
2722,-0.07,80,10,0
2723,-1.05,67,4,0
2724,1.46,14,4,1
2725,0.04,52,7,0
2726,0.38,45,8,0
2727,0.13,53,8,0
2728,1.47,13,4,1
2729,-0.25,32,2,0
2730,1.46,14,4,1
2731,0.06,36,4,0
2732,-0.1,57,13,0
2733,0.02,61,7,0
2734,0.55,44,9,0
2735,0.03,25,3,0
2736,-0.8,59,5,0
2737,-0.25,76,6,0
2738,0.11,40,5,0
2739,-0.12,48,3,0
2740,0.7,46,16,0
2741,0.24,24,7,0
2742,0.93,44,17,0
2743,0.08,30,4,0
2744,1.47,13,4,1
2745,0.02,59,7,0
2746,1.47,13,4,1
2747,0.06,47,5,0
2748,0.16,61,13,0
2749,0.28,26,5,0
2750,1.47,13,4,1
2751,0.06,23,2,0
2752,0.69,65,17,0
2753,0.06,49,5,0
2754,0.7,46,15,0
2755,0.15,46,6,0
2756,0.51,63,16,0
2757,0.28,48,9,0
2758,1.47,13,4,1
2759,0.13,32,6,0
2760,0.69,54,16,0
2761,0.14,69,10,0
2762,1.47,13,4,1
2763,-0.13,42,5,0
2764,0.6,46,13,0
2765,-0.07,76,10,0
2766,1.52,13,5,1
2767,0.25,39,8,0
2768,0.82,39,16,0
2769,-0.86,70,8,0
2770,0.68,32,12,0
2771,-0.08,61,8,0
2772,0.14,31,5,0
2773,-0.16,40,4,0
2774,0.39,53,9,0
2775,0.05,37,4,0
2776,1.46,14,4,1
2777,0.04,62,8,0
2778,0.59,58,16,0
2779,0.39,29,11,0
2780,1.45,15,4,1
2781,0.01,55,6,0
2782,1.47,13,4,1
2783,0.12,45,4,0
2784,0.52,39,12,0
2785,0.19,23,4,0
2786,1.47,13,4,1
2787,0.05,49,5,0
2788,0.87,44,18,0
2789,-0.03,64,7,0
2790,1.46,14,4,1
2791,-0.18,84,9,0
2792,1.47,13,4,1
2793,0.19,58,5,0
2794,1.47,13,4,1
2795,0.29,32,7,0
2796,1.47,13,4,1
2797,-0.06,55,5,0
2798,1.46,14,4,1
2799,-0.48,52,5,0
2800,1.52,13,5,1
2801,0.13,39,7,0
2802,1.47,13,4,1
2803,-0.3,90,9,0
2804,1.46,14,4,1
2805,-0.31,36,4,0
2806,1.47,13,4,1
2807,0.19,49,8,0
2808,1.45,15,4,1
2809,-0.23,68,3,0
2810,1.47,13,4,1
2811,-0.22,42,5,0
2812,0.73,61,19,0
2813,0.05,66,9,0
2814,1.46,14,4,1
2815,0.07,54,7,0
2816,0.81,24,13,0
2817,0.17,35,6,0
2818,0.84,26,14,0
2819,-0.05,66,8,0
2820,1.47,13,4,1
2821,-0.27,66,4,0
2822,0.25,45,8,0
2823,0.13,58,9,0
2824,1.47,13,4,1
2825,-0.2,71,6,0
2826,0.49,48,10,0
2827,0.05,46,5,0
2828,1.47,13,4,1
2829,0.08,48,7,0
2830,0.81,24,13,0
2831,0.33,38,9,0
2832,1.46,14,4,1
2833,0.03,55,9,0
2834,1.01,45,21,0
2835,0.2,39,7,0
2836,0.6,57,16,0
2837,-0.17,91,11,0
2838,0.81,40,17,0
2839,-0.03,67,9,0
2840,1.47,13,4,1
2841,0.02,49,6,0
2842,1.45,15,4,1
2843,-0.12,73,7,0
2844,0.65,72,17,0
2845,0.15,76,14,0
2846,-0.22,102,12,0
2847,0.17,36,8,0
2848,1.47,13,4,1
2849,0.05,34,4,0
2850,1.47,13,4,1
2851,-0.5,40,6,0
2852,1.47,13,4,1
2853,-0.13,83,10,0
2854,1.47,13,4,1
2855,1.2,17,4,1
2856,1.46,14,4,1
2857,0.29,47,8,0
2858,1.47,13,4,1
2859,-1.25,43,5,0
2860,1.47,13,4,1
2861,-0.05,54,6,0
2862,1.47,13,4,1
2863,0.23,26,6,0
2864,1.47,13,4,1
2865,0.02,64,8,0
2866,1.47,13,4,1
2867,-0.17,58,4,0
2868,1.47,13,4,1
2869,0.1,44,6,0
2870,1.47,13,4,1
2871,0.17,32,6,0
2872,1.47,13,4,1
2873,0.15,54,9,0
2874,1.47,13,4,1
2875,0.06,27,4,0
2876,1.47,13,4,1
2877,-0.03,90,11,0
2878,0.06,40,2,0
2879,0.13,59,9,0
2880,1.47,13,4,1
2881,-3.469447e-17,27,2,0
2882,1.47,13,4,1
2883,0.16,62,10,0
2884,1.47,13,4,1
2885,0.27,40,6,0
2886,1.47,13,4,1
2887,-0.11,55,5,0
2888,1.46,14,4,1
2889,0.13,63,11,0
2890,1.45,15,4,1
2891,-0.05,69,9,0
2892,1.47,13,4,1
2893,0.23,38,7,0
2894,1.47,13,4,1
2895,0.15,36,5,0
2896,1.47,13,4,1
2897,-0.01,75,11,0
2898,1.47,13,4,1
2899,-0.51,89,7,0
2900,1.47,13,4,1
2901,0.09,67,10,0
2902,0.28,61,9,0
2903,-0.2,63,5,0
2904,1.47,13,4,1
2905,-0.02,53,6,0
2906,1.47,13,4,1
2907,0.08,24,3,0
2908,1.47,13,4,1
2909,-0.44,95,6,0
2910,1.47,13,4,1
2911,0.04,57,7,0
2912,1.51,14,5,1
2913,0.29,59,8,0
2914,0.69,24,11,0
2915,0.22,48,10,0
2916,1.47,13,4,1
2917,0.1,32,6,0
2918,1.52,13,5,1
2919,0.07,57,5,0
2920,1.5,15,5,1
2921,0.2,44,8,0
2922,1.47,13,4,1
2923,0.13,46,8,0
2924,0.49,50,11,0
2925,0.02,20,1,0
2926,1.47,13,4,1
2927,0.17,20,4,0
2928,1.47,13,4,1
2929,-0.14,65,5,0
2930,0.5,21,9,0
2931,0.39,55,14,0
2932,1.47,13,4,1
2933,0.09,57,9,0
2934,1.47,13,4,1
2935,-0.55,54,8,0
2936,1.47,13,4,1
2937,0.14,28,5,0
2938,1.47,13,4,1
2939,0.09,62,9,0
2940,1.47,13,4,1
2941,-0.19,57,6,0
2942,1.47,13,4,1
2943,0.24,59,12,0
2944,1.47,13,4,1
2945,0.11,39,5,0
2946,1.47,13,4,1
2947,-0.23,52,4,0
2948,1.47,13,4,1
2949,-0.05,72,5,0
2950,1.47,13,4,1
2951,0.35,59,14,0
2952,1.47,13,4,1
2953,0.12,49,8,0
2954,1.47,13,4,1
2955,-0.03,47,8,0
2956,1.45,15,4,1
2957,0.42,30,10,0
2958,0.67,21,10,0
2959,0.29,23,7,0
2960,1.47,13,4,1
2961,0.17,39,7,0
2962,1.47,13,4,1
2963,0.23,36,7,0
2964,1.52,13,5,1
2965,0.22,43,7,0
2966,1.52,13,5,1
2967,0.03,65,10,0
2968,1.47,13,4,1
2969,0.36,31,10,0
2970,1.47,13,4,1
2971,-0.06,39,5,0
2972,1.47,13,4,1
2973,0.3,24,7,0
2974,1.47,13,4,1
2975,0.1,99,18,0
2976,1.47,13,4,1
2977,0.09,36,3,0
2978,1.52,13,5,1
2979,0.2,23,5,0
2980,1.47,13,4,1
2981,-0.18,70,7,0
2982,1.47,13,4,1
2983,-0.22,58,4,0
2984,1.47,13,4,1
2985,0.18,52,9,0
2986,1.52,13,5,1
2987,0.17,31,4,0
2988,1.47,13,4,1
2989,0.08,37,3,0
2990,1.47,13,4,1
2991,0.34,55,13,0
2992,1.47,13,4,1
2993,-6.591949e-17,61,8,0
2994,1.47,13,4,1
2995,0.1,49,8,0
2996,1.47,13,4,1
2997,0.25,46,9,0
2998,1.47,13,4,1
2999,0.34,55,13,0
3000,1.52,13,5,1
3001,-0.65,119,7,0
3002,1.52,13,5,1
3003,0.29,28,8,0
3004,0.82,40,14,0
3005,0.18,60,13,0
3006,1.47,13,4,1
3007,-0.38,104,9,0
3008,0.07,95,12,0
3009,-0.02,50,4,0
3010,1.52,13,5,1
3011,0.43,24,9,0
3012,1.47,13,4,1
3013,-0.98,9,3,0
3014,1.52,13,5,1
3015,0.4,50,10,0
3016,1.47,13,4,1
3017,-0.13,80,8,0
3018,1.52,13,5,1
3019,0.18,69,12,0
3020,1.47,13,4,1
3021,0.02,43,6,0
3022,1.51,14,5,1
3023,-0.15,81,9,0
3024,1.47,13,4,1
3025,1.42,29,8,1
3026,1.47,13,4,1
3027,0.31,50,11,0
3028,1.47,13,4,1
3029,0.12,48,6,0
3030,1.51,14,5,1
3031,-0.03,48,3,0
3032,0.79,26,13,0
3033,-0.17,76,6,0
3034,1.52,13,5,1
3035,0.11,58,9,0
3036,1.52,13,5,1
3037,-0.37,98,8,0
3038,1.47,13,4,1
3039,0.3,27,8,0
3040,0.69,63,17,0
3041,0.38,26,9,0
3042,1.52,13,5,1
3043,-0.04,63,7,0
3044,1.52,13,5,1
3045,0.2,46,8,0
3046,1.52,13,5,1
3047,0.02,85,12,0
3048,1.47,13,4,1
3049,0.38,56,14,0
3050,1.52,13,5,1
3051,0.41,36,12,0
3052,1.47,13,4,1
3053,0.19,42,7,0
3054,1.47,13,4,1
3055,0.28,55,9,0
3056,0.81,24,13,0
3057,-0.19,70,8,0
3058,1.52,13,5,1
3059,-0.04,32,3,0
3060,1.47,13,4,1
3061,-0.03,46,3,0
3062,1.47,13,4,1
3063,0.15,57,8,0
3064,1.47,13,4,1
3065,0.14,46,7,0
3066,1.52,13,5,1
3067,-0.21,77,9,0
3068,1.47,13,4,1
3069,0.07,62,9,0
3070,1.47,13,4,1
3071,-0.22,63,5,0
3072,0.84,26,14,0
3073,-0.68,43,5,0
3074,1.52,13,5,1
3075,0.36,33,9,0
3076,1.52,13,5,1
3077,0.12,42,7,0
3078,1.47,13,4,1
3079,0.29,50,11,0
3080,0.54,27,7,0
3081,-0.22,79,9,0
3082,1.52,13,5,1
3083,0.26,75,15,0
3084,1.52,13,5,1
3085,0.23,56,11,0
3086,1.47,13,4,1
3087,0.32,35,10,0
3088,1.47,13,4,1
3089,0.26,48,10,0
3090,1.52,13,5,1
3091,0.04,49,5,0
3092,1.52,13,5,1
3093,-1.9081958e-17,83,10,0
3094,0.74,27,11,0
3095,0.2,51,9,0
3096,1.47,13,4,1
3097,0.03,38,6,0
3098,1.47,13,4,1
3099,0.51,36,13,0
3100,1.47,13,4,1
3101,0.05,49,7,0
3102,0.87,28,15,0
3103,0.11,31,3,0
3104,1.47,13,4,1
3105,-0.2,53,5,0
3106,1.51,14,5,1
3107,0.12,67,11,0
3108,1.52,13,5,1
3109,0.17,57,10,0
3110,1.47,13,4,1
3111,0.07,67,11,0
3112,1.47,13,4,1
3113,0.02,57,8,0
3114,1.52,13,5,1
3115,0.24,86,13,0
3116,1.47,13,4,1
3117,0.43,24,9,0
3118,1.47,13,4,1
3119,0.29,30,8,0
3120,0.32,60,10,0
3121,-1.06,122,9,0
3122,1.51,14,5,1
3123,0.38,26,8,0
3124,1.47,13,4,1
3125,0.17,59,10,0
3126,1.47,13,4,1
3127,0.3,64,13,0
3128,1.52,13,5,1
3129,0.25,59,12,0
3130,1.47,13,4,1
3131,0.13,58,10,0
3132,1.47,13,4,1
3133,-0.46,115,9,0
3134,1.47,13,4,1
3135,0.03,73,8,0
3136,1.46,14,4,1
3137,-0.26,93,9,0
3138,1.46,14,4,1
3139,0.23,46,9,0
3140,1.52,13,5,1
3141,0.25,61,12,0
3142,1.52,13,5,1
3143,0.16,63,11,0
3144,1.47,13,4,1
3145,0.08,66,10,0
3146,1.51,14,5,1
3147,-0.29,85,6,0
3148,1.46,14,4,1
3149,-2.0816682e-17,66,7,0
3150,1.52,13,5,1
3151,0.13,58,9,0
3152,1.46,14,4,1
3153,0.28,36,8,0
3154,1.52,13,5,1
3155,0.1,54,8,0
3156,1.5,15,5,1
3157,-0.06,80,10,0
3158,0.04,29,1,0
3159,0.43,24,9,0
3160,0.78,43,16,0
3161,0.32,52,12,0
3162,1.46,14,4,1
3163,0.22,44,6,0
3164,1.47,13,4,1
3165,0.29,23,7,0
3166,1.52,13,5,1
3167,0.15,49,8,0
3168,1.52,13,5,1
3169,0.01,48,6,0
3170,-0.11,36,2,0
3171,-0.56,65,9,0
3172,1.51,14,5,1
3173,-0.03,64,8,0
3174,1.51,14,5,1
3175,-0.05,56,5,0
3176,1.47,13,4,1
3177,0.11,63,10,0
3178,1.51,14,5,1
3179,-0.23,59,6,0
3180,1.51,14,5,1
3181,0.02,92,14,0
3182,1.51,14,5,1
3183,0.13,58,7,0
3184,1.47,13,4,1
3185,-0.25,64,4,0
3186,1.52,13,5,1
3187,0.02,59,7,0
3188,1.51,14,5,1
3189,0.21,48,9,0
3190,0.53,29,7,0
3191,0.05,41,7,0
3192,1.52,13,5,1
3193,0.03,62,7,0
3194,1.52,13,5,1
3195,0.06,30,5,0
3196,1.52,13,5,1
3197,-0.01,70,9,0
3198,1.46,14,4,1
3199,0.01,70,9,0
3200,1.47,13,4,1
3201,-0.01,40,4,0
3202,1.52,13,5,1
3203,0.16,66,9,0
3204,1.46,14,4,1
3205,0.16,48,8,0
3206,1.46,14,4,1
3207,0.2,44,8,0
3208,1.51,14,5,1
3209,0.11,85,14,0
3210,1.51,14,5,1
3211,0.02,52,7,0
3212,1.51,14,5,1
3213,-0.22,27,5,0
3214,1.52,13,5,1
3215,-0.26,63,2,0
3216,1.51,14,5,1
3217,0.2,46,8,0
3218,1.52,13,5,1
3219,0.21,64,11,0
3220,1.52,13,5,1
3221,0.16,48,8,0
3222,1.51,14,5,1
3223,0.03,51,7,0
3224,1.51,14,5,1
3225,0.34,62,12,0
3226,1.46,14,4,1
3227,0.01,50,6,0
3228,0.85,25,14,0
3229,0.11,53,8,0
3230,1.47,13,4,1
3231,0.24,55,11,0
3232,1.51,14,5,1
3233,0.2,79,15,0
3234,1.52,13,5,1
3235,0.39,23,8,0
3236,1.52,13,5,1
3237,0.35,23,6,0
3238,1.52,13,5,1
3239,0.19,46,7,0
3240,1.51,14,5,1
3241,-0.19,108,13,0
3242,1.52,13,5,1
3243,0.12,64,11,0
3244,1.47,13,4,1
3245,-0.09,85,9,0
3246,1.51,14,5,1
3247,0.12,23,2,0
3248,1.51,14,5,1
3249,-0.24,92,8,0
3250,1.52,13,5,1
3251,-0.53,41,6,0
3252,1.52,13,5,1
3253,0.04,65,9,0
3254,0.07,61,9,0
3255,-0.16,81,9,0
3256,1.51,14,5,1
3257,0.12,64,10,0
3258,1.52,13,5,1
3259,-0.86,148,11,0
3260,1.52,13,5,1
3261,0.08,93,15,0
3262,1.51,14,5,1
3263,-0.2,71,7,0
3264,1.51,14,5,1
3265,-0.02,71,9,0
3266,1.52,13,5,1
3267,0.19,95,18,0
3268,1.51,14,5,1
3269,0.1,57,7,0
3270,1.51,14,5,1
3271,0.16,58,10,0
3272,1.52,13,5,1
3273,0.16,45,5,0
3274,1.52,13,5,1
3275,-2.0816682e-17,71,9,0
3276,1.51,14,5,1
3277,0.21,43,8,0
3278,1.52,13,5,1
3279,0.24,55,11,0
3280,1.51,14,5,1
3281,-0.58,46,8,0
3282,1.51,14,5,1
3283,0.09,60,9,0
3284,1.52,13,5,1
3285,0.01,94,13,0
3286,1.52,13,5,1
3287,0.11,48,8,0
3288,1.51,14,5,1
3289,0.29,52,10,0
3290,1.51,14,5,1
3291,0.14,35,5,0
3292,1.52,13,5,1
3293,-0.11,68,4,0
3294,1.51,14,5,1
3295,0.37,52,13,0
3296,1.52,13,5,1
3297,0.09,45,6,0
3298,0.25,59,10,0
3299,0.31,85,16,0
3300,1.52,13,5,1
3301,0.33,58,13,0
3302,1.52,13,5,1
3303,0.34,45,11,0
3304,1.51,14,5,1
3305,-0.03,74,9,0
3306,1.54,17,6,1
3307,0.2,51,11,0
3308,1.51,14,5,1
3309,0.15,76,11,0
3310,1.52,13,5,1
3311,0.24,95,19,0
3312,1.52,13,5,1
3313,0.06,58,9,0
3314,1.51,14,5,1
3315,-0.05,73,6,0
3316,1.51,14,5,1
3317,0.01,43,7,0
3318,1.52,13,5,1
3319,0.53,78,19,0
3320,1.52,13,5,1
3321,-0.09,68,8,0
3322,1.46,14,4,1
3323,0.06,68,10,0
3324,1.52,13,5,1
3325,0.19,50,9,0
3326,1.51,14,5,1
3327,-0.6,131,18,0
3328,1.52,13,5,1
3329,0.18,71,9,0
3330,1.51,14,5,1
3331,-0.07,57,8,0
3332,1.51,14,5,1
3333,0.35,88,15,0
3334,1.46,14,4,1
3335,0.06,63,9,0
3336,1.51,14,5,1
3337,0.17,30,6,0
3338,1.51,14,5,1
3339,0.5,27,11,0
3340,1.52,13,5,1
3341,-0.04,78,11,0
3342,1.51,15,5,1
3343,0.23,52,9,0
3344,1.52,13,5,1
3345,-0.08,111,11,0
3346,1.52,13,5,1
3347,0.16,53,9,0
3348,1.51,14,5,1
3349,-0.02,101,15,0
3350,1.47,13,4,1
3351,0.37,39,8,0
3352,1.47,13,4,1
3353,0.02,114,16,0
3354,1.52,13,5,1
3355,0.21,105,20,0
3356,1.51,14,5,1
3357,0.28,73,13,0
3358,1.52,13,5,1
3359,0.07,66,15,0
3360,0.56,55,14,0
3361,0.63,48,15,0
3362,1.52,13,5,1
3363,0.58,48,14,0
3364,0.55,42,10,0
3365,0.05,48,7,0
3366,1.54,17,6,1
3367,0.38,75,15,0
3368,0.98,38,19,0
3369,-0.54,53,6,0
3370,1.52,13,5,1
3371,0.31,77,12,0
3372,1.51,14,5,1
3373,0.21,63,12,0
3374,1.52,13,5,1
3375,0.36,60,12,0
3376,1.51,14,5,1
3377,0.51,52,11,0
3378,0.58,39,11,0
3379,0.24,75,12,0
3380,1.52,13,5,1
3381,0.22,59,11,0
3382,1.52,13,5,1
3383,0.2,66,12,0
3384,0.79,27,13,0
3385,-0.07,102,9,0
3386,1.52,13,5,1
3387,0.51,70,17,0
3388,1.52,13,5,1
3389,-0.48,95,10,0
3390,1.52,13,5,1
3391,-0.02,83,11,0
3392,1.52,13,5,1
3393,0.29,72,13,0
3394,0.63,54,15,0
3395,0.37,44,10,0
3396,1.51,14,5,1
3397,0.52,39,11,0
3398,1.52,13,5,1
3399,-0.52,150,11,0
3400,0.23,59,8,0
3401,0.5,34,10,0
3402,1.52,13,5,1
3403,0.43,53,12,0
3404,1.52,13,5,1
3405,0.39,72,16,0
3406,1.51,14,5,1
3407,0.35,56,14,0
3408,1.51,14,5,1
3409,0.23,76,9,0
3410,1.52,13,5,1
3411,0.23,94,14,0
3412,1.51,14,5,1
3413,0.49,71,16,0
3414,0.74,53,15,0
3415,0.21,71,10,0
3416,-0.46,43,6,0
3417,0.72,57,15,0
3418,1.52,13,5,1
3419,0.39,35,12,0
3420,1.52,13,5,1
3421,1.55,16,10,1
3422,1.52,13,5,1
3423,0.39,84,15,0
3424,1.52,13,5,1
3425,0.4,34,8,0
3426,1.52,13,5,1
3427,0.42,32,10,0
3428,1.52,13,5,1
3429,0.51,45,12,0
3430,1.52,13,5,1
3431,0.77,99,26,0
3432,1.52,13,5,1
3433,0.51,78,21,0
3434,1.52,13,5,1
3435,-0.23,96,8,0
3436,1.52,13,5,1
3437,0.55,61,16,0
3438,1.52,13,5,1
3439,0.36,77,16,0
3440,1.52,13,5,1
3441,0.15,112,15,0
3442,1.51,14,5,1
3443,-0.08,99,11,0
3444,1.51,14,5,1
3445,0.26,82,12,0
3446,1.52,13,5,1
3447,0.42,87,21,0
3448,1.52,13,5,1
3449,0.17,81,10,0
3450,1.55,16,6,1
3451,1.43,38,10,1
3452,1.51,14,5,1
3453,-0.05,96,13,0
3454,1.52,13,5,1
3455,0.42,32,8,0
3456,1.52,13,5,1
3457,-0.19,99,15,0
3458,1.52,13,5,1
3459,0.15,81,16,0
3460,1.52,13,5,1
3461,0.25,56,10,0
3462,1.52,13,5,1
3463,0.61,102,23,0
3464,1.52,13,5,1
3465,0.2,104,20,0
3466,1.52,13,5,1
3467,0.14,65,11,0
3468,1.52,13,5,1
3469,0.24,100,15,0
3470,1.52,13,5,1
3471,0.25,66,11,0
3472,1.52,13,5,1
3473,0.53,75,16,0
3474,1.52,13,5,1
3475,-0.27,120,16,0
3476,1.52,13,5,1
3477,1.55,16,10,1
3478,1.52,13,5,1
3479,0.18,83,13,0
3480,1.52,13,5,1
3481,0.31,107,18,0
3482,1.52,13,5,1
3483,0.27,64,13,0
3484,1.52,13,5,1
3485,0.1,96,14,0
3486,1.52,13,5,1
3487,0.41,38,9,0
3488,1.52,13,5,1
3489,0.16,85,13,0
3490,1.52,13,5,1
3491,0.03,73,9,0
3492,1.52,13,5,1
3493,-0.35,111,11,0
3494,1.52,13,5,1
3495,0.16,38,7,0
3496,1.52,13,5,1
3497,0.34,84,14,0
3498,1.52,13,5,1
3499,0.35,99,17,0
3500,1.52,13,5,1
3501,0.82,81,23,0
3502,1.52,13,5,1
3503,0.39,99,18,0
3504,1.52,13,5,1
3505,0.21,85,14,0
3506,1.52,13,5,1
3507,0.67,81,20,0
3508,1.52,13,5,1
3509,0.23,65,8,0
3510,1.52,13,5,1
3511,0.39,84,15,0
3512,1.52,13,5,1
3513,0.22,92,14,0
3514,1.52,13,5,1
3515,0.21,99,14,0
3516,1.52,13,5,1
3517,-0.09,150,17,0
3518,1.52,13,5,1
3519,-0.42,108,9,0
3520,1.52,13,5,1
3521,0.21,97,14,0
3522,0.53,33,8,0
3523,0.29,127,21,0
3524,1.52,13,5,1
3525,0.97,81,28,0
3526,1.52,13,5,1
3527,0.62,51,13,0
3528,0.43,54,10,0
3529,0.49,77,18,0
3530,0.6,37,9,0
3531,0.23,95,14,0
3532,1.52,13,5,1
3533,0.45,93,18,0
3534,1.52,13,5,1
3535,0.52,93,20,0
3536,1.52,13,5,1
3537,0.11,109,14,0
3538,1.52,13,5,1
3539,0.49,74,15,0
3540,0.53,33,8,0
3541,0.55,32,13,0
3542,1.52,13,5,1
3543,0.43,104,16,0
3544,1.55,16,6,1
3545,0.37,86,15,0
3546,1.52,13,5,1
3547,0.48,73,18,0
3548,-0.33,56,8,0
3549,-0.16,32,7,0
3550,1.52,13,5,1
3551,-0.01,124,15,0
3552,0.52,47,10,0
3553,0.44,74,14,0
3554,1.52,13,5,1
3555,0.51,117,24,0
3556,1.52,13,5,1
3557,0.49,79,16,0
3558,0.34,47,11,0
3559,-0.19,85,9,0
3560,1.52,13,5,1
3561,-0.09,60,8,0
3562,1.52,13,5,1
3563,0.27,81,15,0
3564,0.45,38,9,0
3565,0.8,41,17,0
3566,0.57,35,8,0
3567,0.39,89,16,0
3568,0.25,43,8,0
3569,0.7,41,15,0
3570,0.45,47,9,0
3571,-0.28,136,12,0
3572,0.57,30,8,0
3573,0.41,50,13,0
3574,1.52,13,5,1
3575,0.69,66,19,0
3576,1.52,13,5,1
3577,0.48,70,14,0
3578,1.52,13,5,1
3579,-0.51,65,10,0
3580,0.27,41,8,0
3581,0.15,113,16,0
3582,1.52,13,5,1
3583,0.15,81,15,0
3584,1.52,13,5,1
3585,1.56,55,35,0
3586,0.28,34,5,0
3587,0.51,102,23,0
3588,1.52,13,5,1
3589,0.07,79,11,0
3590,1.52,13,5,1
3591,0.06,95,13,0
3592,1.52,13,5,1
3593,-0.72,83,6,0
3594,1.52,13,5,1
3595,0.33,94,15,0
3596,1.52,13,5,1
3597,0.56,60,16,0
3598,1.47,13,4,1
3599,0.64,47,15,0
3600,0.58,29,7,0
3601,0.2,71,11,0
3602,1.52,13,5,1
3603,0.69,49,14,0
3604,1.52,13,5,1
3605,1.05,36,21,0
3606,1.52,13,5,1
3607,1.08,43,23,0
3608,0.7,26,10,0
3609,0.78,43,17,0
3610,1.52,13,5,1
3611,-0.1,150,18,0
3612,1.52,13,5,1
3613,0.33,68,15,0
3614,1.52,13,5,1
3615,0.38,77,15,0
3616,1.52,13,5,1
3617,1.05,36,21,0
3618,1.47,13,4,1
3619,0.75,78,21,0
3620,1.52,13,5,1
3621,0.16,28,7,0
3622,1.52,13,5,1
3623,0.86,66,23,0
3624,1.52,13,5,1
3625,0.54,112,26,0
3626,1.52,13,5,1
3627,1.1,36,22,0
3628,1.52,13,5,1
3629,0.54,66,14,0
3630,1.52,13,5,1
3631,-0.2,93,5,0
3632,1.52,13,5,1
3633,0.02,105,14,0
3634,1.52,13,5,1
3635,0.49,49,10,0
3636,1.52,13,5,1
3637,1.01,45,22,0
3638,-0.21,30,2,0
3639,0.28,83,15,0
3640,1.52,13,5,1
3641,0.24,105,15,0
3642,1.52,13,5,1
3643,1.0,46,22,0
3644,1.46,15,4,1
3645,0.09,104,16,0
3646,1.52,13,5,1
3647,1.69,44,13,1
3648,1.52,13,5,1
3649,0.57,76,17,0
3650,1.52,13,5,1
3651,0.61,67,16,0
3652,1.47,13,4,1
3653,0.6,83,19,0
3654,1.52,13,5,1
3655,0.36,72,12,0
3656,1.52,13,5,1
3657,0.45,88,17,0
3658,1.52,13,5,1
3659,0.64,79,19,0
3660,1.52,13,5,1
3661,0.71,102,25,0
3662,1.52,13,5,1
3663,-0.03,126,15,0
3664,1.52,13,5,1
3665,0.25,141,22,0
3666,1.52,13,5,1
3667,0.51,72,15,0
3668,1.47,13,4,1
3669,0.33,95,16,0
3670,1.52,13,5,1
3671,0.27,71,10,0
3672,1.52,13,5,1
3673,-0.19,123,15,0
3674,1.52,13,5,1
3675,0.5,93,19,0
3676,1.52,13,5,1
3677,0.26,85,18,0
3678,1.52,13,5,1
3679,0.52,91,19,0
3680,1.52,13,5,1
3681,0.15,81,12,0
3682,1.51,15,5,1
3683,1.1,36,22,0
3684,1.52,13,5,1
3685,-0.22,105,8,0
3686,1.52,13,5,1
3687,0.51,80,19,0
3688,1.52,13,5,1
3689,0.52,81,17,0
3690,1.52,13,5,1
3691,1.1,36,22,0
3692,1.52,13,5,1
3693,0.29,84,13,0
3694,1.52,13,5,1
3695,0.01,72,18,0
3696,0.57,47,11,0
3697,0.74,99,27,0
3698,1.52,13,5,1
3699,0.68,61,15,0
3700,1.52,13,5,1
3701,0.66,87,22,0
3702,1.52,13,5,1
3703,1.05,41,22,0
3704,1.52,13,5,1
3705,0.29,94,15,0
3706,1.52,13,5,1
3707,-0.03,134,19,0
3708,1.52,13,5,1
3709,1.05,36,21,0
3710,1.52,13,5,1
3711,0.45,73,14,0
3712,1.52,13,5,1
3713,1.1,36,22,0
3714,1.52,13,5,1
3715,-0.45,148,14,0
3716,1.52,13,5,1
3717,-0.12,143,16,0
3718,1.52,13,5,1
3719,1.1,36,22,0
3720,1.52,13,5,1
3721,0.79,59,18,0
3722,1.52,13,5,1
3723,1.05,36,21,0
3724,1.52,13,5,1
3725,1.1,36,22,0
3726,1.52,13,5,1
3727,1.1,36,22,0
3728,1.52,13,5,1
3729,0.88,85,25,0
3730,1.52,13,5,1
3731,0.92,39,19,0
3732,1.52,13,5,1
3733,-0.34,63,5,0
3734,1.52,13,5,1
3735,0.44,84,16,0
3736,1.52,13,5,1
3737,-0.43,69,14,0
3738,1.52,13,5,1
3739,1.1,36,22,0
3740,1.52,13,5,1
3741,0.74,74,22,0
3742,1.52,13,5,1
3743,1.1,36,22,0
3744,1.52,13,5,1
3745,0.34,75,12,0
3746,1.52,13,5,1
3747,0.68,85,21,0
3748,1.52,13,5,1
3749,0.5,94,18,0
3750,1.52,13,5,1
3751,0.39,89,16,0
3752,1.52,13,5,1
3753,1.28,72,30,0
3754,1.52,13,5,1
3755,0.95,41,20,0
3756,1.52,13,5,1
3757,1.05,41,22,0
3758,1.52,13,5,1
3759,0.63,60,15,0
3760,1.52,13,5,1
3761,0.37,118,21,0
3762,1.52,13,5,1
3763,1.1,36,22,0
3764,1.52,13,5,1
3765,0.83,60,19,0
3766,1.52,13,5,1
3767,0.48,90,18,0
3768,1.52,13,5,1
3769,0.37,111,20,0
3770,1.52,13,5,1
3771,1.1,36,22,0
3772,1.52,13,5,1
3773,1.08,38,22,0
3774,1.52,13,5,1
3775,-0.45,88,19,0
3776,1.47,13,4,1
3777,0.22,91,13,0
3778,0.52,57,12,0
3779,0.62,94,24,0
3780,1.47,13,4,1
3781,0.71,62,17,0
3782,1.52,13,5,1
3783,0.78,60,18,0
3784,1.52,13,5,1
3785,0.73,65,18,0
3786,1.52,13,5,1
3787,0.15,150,22,0
3788,1.52,13,5,1
3789,0.84,59,19,0
3790,1.52,13,5,1
3791,0.73,55,16,0
3792,1.52,13,5,1
3793,0.49,74,15,0
3794,1.52,13,5,1
3795,0.87,61,20,0
3796,0.81,24,13,0
3797,0.69,64,17,0
3798,1.52,13,5,1
3799,0.6,48,12,0
3800,1.47,13,4,1
3801,0.61,50,15,0
3802,1.52,13,5,1
3803,1.1,36,22,0
3804,1.52,13,5,1
3805,0.69,79,20,0
3806,1.52,13,5,1
3807,0.67,69,16,0
3808,1.52,13,5,1
3809,0.72,56,16,0
3810,1.52,13,5,1
3811,1.04,42,22,0
3812,1.52,13,5,1
3813,0.48,80,16,0
3814,1.52,13,5,1
3815,0.64,54,14,0
3816,1.52,13,5,1
3817,0.45,83,16,0
3818,1.47,13,4,1
3819,0.49,60,12,0
3820,1.52,13,5,1
3821,0.76,79,21,0
3822,1.52,13,5,1
3823,0.88,80,24,0
3824,1.52,13,5,1
3825,0.78,80,24,0
3826,1.52,13,5,1
3827,0.64,86,20,0
3828,1.52,13,5,1
3829,0.32,74,14,0
3830,1.52,13,5,1
3831,0.92,39,19,0
3832,1.5,15,5,1
3833,0.48,65,13,0
3834,-0.2,56,1,0
3835,0.43,95,18,0
3836,-0.12,34,5,0
3837,0.4,73,13,0
3838,1.52,13,5,1
3839,0.94,102,29,0
3840,1.52,13,5,1
3841,0.86,50,20,0
3842,1.52,13,5,1
3843,1.1,36,22,0
3844,1.52,13,5,1
3845,1.05,41,22,0
3846,1.52,13,5,1
3847,1.43,48,31,0
3848,1.52,13,5,1
3849,1.05,36,21,0
3850,-0.01,34,2,0
3851,1.1,36,22,0
3852,1.52,13,5,1
3853,0.75,46,17,0
3854,1.52,13,5,1
3855,0.31,77,12,0
3856,1.52,13,5,1
3857,0.22,86,12,0
3858,1.52,13,5,1
3859,0.57,73,16,0
3860,1.52,13,5,1
3861,0.16,92,12,0
3862,1.52,13,5,1
3863,-0.58,140,20,0
3864,1.52,13,5,1
3865,0.65,108,25,0
3866,1.52,13,5,1
3867,-0.93,50,4,0
3868,1.52,13,5,1
3869,0.15,63,7,0
3870,1.52,13,5,1
3871,-0.59,78,19,0
3872,1.52,13,5,1
3873,1.05,41,22,0
3874,1.47,13,4,1
3875,1.1,38,22,0
3876,1.52,13,5,1
3877,1.1,36,22,0
3878,1.47,13,4,1
3879,1.05,43,22,0
3880,1.52,13,5,1
3881,0.91,72,23,0
3882,1.47,13,4,1
3883,1.05,41,22,0
3884,1.52,13,5,1
3885,1.03,45,22,0
3886,1.52,13,5,1
3887,0.98,43,21,0
3888,0.36,30,3,0
3889,0.49,120,24,0
3890,1.52,13,5,1
3891,0.83,60,19,0
3892,1.52,13,5,1
3893,1.1,36,22,0
3894,1.52,13,5,1
3895,0.9,41,19,0
3896,1.52,13,5,1
3897,0.65,63,16,0
3898,0.61,59,12,0
3899,1.09,37,22,0
3900,1.52,13,5,1
3901,0.36,92,16,0
3902,1.52,13,5,1
3903,1.08,38,22,0
3904,1.52,13,5,1
3905,1.1,36,22,0
3906,1.52,13,5,1
3907,0.44,71,13,0
3908,1.52,13,5,1
3909,0.97,34,19,0
3910,1.47,13,4,1
3911,0.92,39,19,0
3912,1.52,13,5,1
3913,1.05,43,22,0
3914,0.51,56,10,0
3915,1.13,38,23,0
3916,1.52,13,5,1
3917,0.12,46,7,0
3918,1.52,13,5,1
3919,0.69,89,22,0
3920,1.52,13,5,1
3921,1.25,51,28,0
3922,1.52,13,5,1
3923,1.12,39,23,0
3924,1.52,13,5,1
3925,0.48,80,16,0
3926,1.52,13,5,1
3927,1.07,39,22,0
3928,1.5,15,5,1
3929,0.67,72,18,0
3930,1.52,13,5,1
3931,0.27,81,14,0
3932,1.52,13,5,1
3933,1.1,36,22,0
3934,1.52,13,5,1
3935,1.1,36,22,0
3936,1.52,13,5,1
3937,0.54,64,14,0
3938,1.52,13,5,1
3939,1.09,37,22,0
3940,0.63,27,10,0
3941,1.08,38,22,0
3942,1.52,13,5,1
3943,1.09,37,22,0
3944,1.52,13,5,1
3945,1.04,37,21,0
3946,1.52,13,5,1
3947,0.53,66,17,0
3948,1.52,13,5,1
3949,-0.49,107,14,0
3950,1.52,13,5,1
3951,0.63,80,19,0
3952,1.52,13,5,1
3953,1.05,36,21,0
3954,1.52,13,5,1
3955,1.05,41,22,0
3956,1.52,13,5,1
3957,0.79,74,21,0
3958,1.52,13,5,1
3959,1.1,36,22,0
3960,1.52,13,5,1
3961,1.0,73,25,0
3962,1.52,13,5,1
3963,0.56,72,16,0
3964,1.52,13,5,1
3965,1.05,41,22,0
3966,1.52,13,5,1
3967,0.99,47,22,0
3968,1.52,13,5,1
3969,0.49,81,16,0
3970,1.52,13,5,1
3971,1.05,41,22,0
3972,1.52,13,5,1
3973,0.6,66,18,0
3974,1.52,13,5,1
3975,1.03,43,22,0
3976,1.52,13,5,1
3977,1.1,36,22,0
3978,1.5,15,5,1
3979,0.64,83,19,0
3980,1.52,13,5,1
3981,1.1,36,22,0
3982,1.52,13,5,1
3983,1.1,36,22,0
3984,1.52,13,5,1
3985,1.1,36,22,0
3986,1.51,14,5,1
3987,1.1,36,22,0
3988,1.52,13,5,1
3989,1.1,36,22,0
3990,1.52,13,5,1
3991,1.1,36,22,0
3992,1.52,13,5,1
3993,0.95,36,19,0
3994,1.52,13,5,1
3995,1.41,60,33,0
3996,1.52,13,5,1
3997,1.09,37,22,0
3998,1.52,13,5,1
3999,1.09,37,22,0
4000,1.52,13,5,1
4001,1.05,36,21,0
4002,1.52,13,5,1
4003,1.1,36,22,0
4004,1.52,13,5,1
4005,1.1,36,22,0
4006,1.52,13,5,1
4007,0.63,65,16,0
4008,1.52,13,5,1
4009,1.1,36,22,0
4010,1.52,13,5,1
4011,1.1,36,22,0
4012,1.52,13,5,1
4013,1.1,36,22,0
4014,1.52,13,5,1
4015,0.56,97,21,0
4016,1.52,13,5,1
4017,0.47,66,13,0
4018,1.52,13,5,1
4019,0.61,57,14,0
4020,1.52,13,5,1
4021,0.4,61,13,0
4022,1.52,13,5,1
4023,-0.49,121,9,0
4024,1.52,13,5,1
4025,1.03,45,22,0
4026,1.47,13,4,1
4027,0.96,49,21,0
4028,1.52,13,5,1
4029,1.05,36,21,0
4030,1.52,13,5,1
4031,0.67,65,16,0
4032,1.52,13,5,1
4033,1.1,36,22,0
4034,1.51,15,5,1
4035,1.08,38,22,0
4036,1.52,13,5,1
4037,1.1,36,22,0
4038,1.52,13,5,1
4039,0.47,63,12,0
4040,1.52,13,5,1
4041,1.1,36,22,0
4042,1.52,13,5,1
4043,1.1,36,22,0
4044,-0.09,42,1,0
4045,1.1,36,22,0
4046,1.52,13,5,1
4047,1.03,43,22,0
4048,1.52,13,5,1
4049,1.1,36,22,0
4050,1.52,13,5,1
4051,0.32,83,13,0
4052,1.52,13,5,1
4053,0.54,61,14,0
4054,1.52,13,5,1
4055,0.51,72,15,0
4056,-0.1,36,3,0
4057,1.1,36,22,0
4058,1.52,13,5,1
4059,1.42,56,32,0
4060,1.52,13,5,1
4061,1.1,36,22,0
4062,1.52,13,5,1
4063,1.04,37,21,0
4064,1.52,13,5,1
4065,0.32,76,12,0
4066,1.52,13,5,1
4067,1.1,36,22,0
4068,1.52,13,5,1
4069,1.41,60,33,0
4070,1.52,13,5,1
4071,1.18,38,24,0
4072,1.52,13,5,1
4073,0.47,68,13,0
4074,1.52,13,5,1
4075,1.1,36,22,0
4076,1.52,13,5,1
4077,0.32,29,6,0
4078,1.52,13,5,1
4079,1.1,36,22,0
4080,1.52,13,5,1
4081,1.08,38,22,0
4082,1.52,13,5,1
4083,1.1,36,22,0
4084,1.52,13,5,1
4085,1.1,36,22,0
4086,1.52,13,5,1
4087,1.1,36,22,0
4088,1.52,13,5,1
4089,1.1,36,22,0
4090,1.52,13,5,1
4091,0.64,79,19,0
4092,1.52,13,5,1
4093,1.1,36,22,0
4094,1.52,13,5,1
4095,1.1,36,22,0
4096,1.52,13,5,1
4097,1.07,39,22,0
4098,1.52,13,5,1
4099,1.1,36,22,0
4100,1.52,13,5,1
4101,1.1,38,22,0
4102,1.52,13,5,1
4103,1.1,36,22,0
4104,1.52,13,5,1
4105,0.54,77,19,0
4106,1.52,13,5,1
4107,1.03,43,22,0
4108,1.52,13,5,1
4109,1.1,36,22,0
4110,1.52,13,5,1
4111,1.1,36,22,0
4112,1.52,13,5,1
4113,1.11,45,24,0
4114,1.52,13,5,1
4115,1.08,38,22,0
4116,0.17,44,9,0
4117,1.1,36,22,0
4118,1.52,13,5,1
4119,0.5,73,17,0
4120,1.52,13,5,1
4121,1.14,44,24,0
4122,1.52,13,5,1
4123,1.03,43,22,0
4124,1.52,13,5,1
4125,1.1,36,22,0
4126,1.52,13,5,1
4127,1.05,41,22,0
4128,1.52,13,5,1
4129,-2.11,147,16,0
4130,1.52,13,5,1
4131,0.63,92,21,0
4132,1.52,13,5,1
4133,1.1,36,22,0
4134,1.52,13,5,1
4135,1.1,36,22,0
4136,1.52,13,5,1
4137,1.62,58,34,0
4138,1.52,13,5,1
4139,0.97,34,19,0
4140,1.52,13,5,1
4141,0.54,66,14,0
4142,1.47,13,4,1
4143,0.62,66,16,0
4144,1.52,13,5,1
4145,-0.32,78,19,0
4146,1.47,13,4,1
4147,1.1,36,22,0
4148,1.52,13,5,1
4149,1.05,41,22,0
4150,1.52,13,5,1
4151,1.25,48,27,0
4152,1.52,13,5,1
4153,1.1,36,22,0
4154,1.47,13,4,1
4155,0.6,98,22,0
4156,1.52,13,5,1
4157,1.1,36,22,0
4158,1.52,13,5,1
4159,0.43,60,11,0
4160,1.52,13,5,1
4161,1.1,36,22,0
4162,1.52,13,5,1
4163,0.25,74,13,0
4164,1.52,13,5,1
4165,1.1,36,22,0
4166,1.52,13,5,1
4167,-0.7,43,11,0
4168,1.52,13,5,1
4169,1.1,36,22,0
4170,1.52,13,5,1
4171,0.51,105,24,0
4172,1.52,13,5,1
4173,0.89,86,25,0
4174,1.52,13,5,1
4175,1.09,37,22,0
4176,1.52,13,5,1
4177,1.1,38,22,0
4178,1.52,13,5,1
4179,1.07,41,22,0
4180,1.52,13,5,1
4181,1.1,36,22,0
4182,1.52,13,5,1
4183,1.09,37,22,0
4184,1.52,13,5,1
4185,0.45,49,12,0
4186,0.65,25,10,0
4187,0.6,65,15,0
4188,1.52,13,5,1
4189,1.05,41,22,0
4190,1.52,13,5,1
4191,1.09,37,22,0
4192,1.52,13,5,1
4193,1.1,36,22,0
4194,1.52,13,5,1
4195,1.1,36,22,0
4196,1.52,13,5,1
4197,1.1,36,22,0
4198,1.52,13,5,1
4199,0.49,94,19,0
4200,1.52,13,5,1
4201,0.55,88,19,0
4202,1.52,13,5,1
4203,0.83,65,20,0
4204,1.52,13,5,1
4205,0.59,79,18,0
4206,1.47,13,4,1
4207,0.42,92,20,0
4208,1.47,13,4,1
4209,0.6,78,18,0
4210,1.47,13,4,1
4211,1.1,36,22,0
4212,1.52,13,5,1
4213,1.1,36,22,0
4214,1.52,13,5,1
4215,0.74,86,22,0
4216,1.52,13,5,1
4217,0.36,104,18,0
4218,1.52,13,5,1
4219,0.98,43,21,0
4220,1.52,13,5,1
4221,1.01,45,22,0
4222,1.5,15,5,1
4223,0.59,64,15,0
4224,1.52,13,5,1
4225,1.1,36,22,0
4226,1.52,13,5,1
4227,1.1,36,22,0
4228,1.52,13,5,1
4229,1.1,36,22,0
4230,1.52,13,5,1
4231,0.72,86,22,0
4232,1.51,15,5,1
4233,1.1,36,22,0
4234,1.52,13,5,1
4235,1.1,36,22,0
4236,1.52,13,5,1
4237,0.88,67,21,0
4238,1.52,13,5,1
4239,0.46,37,9,0
4240,1.52,13,5,1
4241,0.97,98,29,0
4242,1.52,13,5,1
4243,1.06,52,24,0
4244,1.51,15,5,1
4245,0.9,43,19,0
4246,1.51,15,5,1
4247,1.09,37,22,0
4248,1.53,18,6,1
4249,0.54,81,17,0
4250,1.52,13,5,1
4251,0.58,67,15,0
4252,1.52,13,5,1
4253,1.1,36,22,0
4254,1.52,13,5,1
4255,1.09,44,23,0
4256,1.47,13,4,1
4257,0.78,77,21,0
4258,1.52,13,5,1
4259,0.64,76,18,0
4260,1.52,13,5,1
4261,1.14,44,24,0
4262,1.52,13,5,1
4263,1.1,36,22,0
4264,1.52,13,5,1
4265,0.34,121,21,0
4266,1.52,13,5,1
4267,1.1,36,22,0
4268,1.52,13,5,1
4269,0.51,94,19,0
4270,1.52,13,5,1
4271,0.59,84,19,0
4272,1.52,13,5,1
4273,1.11,42,23,0
4274,1.52,13,5,1
4275,1.1,36,22,0
4276,1.52,13,5,1
4277,1.1,36,22,0
4278,1.52,13,5,1
4279,1.1,36,22,0
4280,1.52,13,5,1
4281,0.79,86,23,0
4282,1.52,13,5,1
4283,1.1,38,22,0
4284,1.52,13,5,1
4285,1.1,36,22,0
4286,1.52,13,5,1
4287,0.44,84,16,0
4288,1.52,13,5,1
4289,0.62,83,21,0
4290,1.52,13,5,1
4291,1.1,36,22,0
4292,1.52,13,5,1
4293,0.98,38,20,0
4294,1.52,13,5,1
4295,0.47,106,21,0
4296,1.52,13,5,1
4297,1.1,36,22,0
4298,1.52,13,5,1
4299,0.04,81,8,0
4300,1.52,13,5,1
4301,0.93,50,21,0
4302,1.52,13,5,1
4303,1.1,38,22,0
4304,1.52,13,5,1
4305,1.0,46,22,0
4306,1.52,13,5,1
4307,1.1,36,22,0
4308,1.52,13,5,1
4309,1.1,38,22,0
4310,1.52,13,5,1
4311,0.73,122,29,0
4312,1.52,13,5,1
4313,1.1,36,22,0
4314,1.52,13,5,1
4315,1.07,93,30,0
4316,1.52,13,5,1
4317,1.15,48,25,0
4318,1.52,13,5,1
4319,1.1,36,22,0
4320,1.52,13,5,1
4321,1.22,46,26,0
4322,1.52,13,5,1
4323,1.1,36,22,0
4324,1.52,13,5,1
4325,1.08,40,22,0
4326,1.52,13,5,1
4327,0.98,75,27,0
4328,1.52,13,5,1
4329,1.1,38,22,0
4330,1.52,13,5,1
4331,0.56,99,21,0
4332,1.52,13,5,1
4333,1.1,38,22,0
4334,1.52,13,5,1
4335,0.97,34,19,0
4336,1.52,13,5,1
4337,1.1,36,22,0
4338,1.52,13,5,1
4339,1.1,36,22,0
4340,1.52,13,5,1
4341,1.1,38,22,0
4342,1.52,13,5,1
4343,0.99,37,20,0
4344,1.52,13,5,1
4345,1.3,43,27,0
4346,1.52,13,5,1
4347,1.1,38,22,0
4348,1.52,13,5,1
4349,1.1,36,22,0
4350,1.52,13,5,1
4351,0.26,87,13,0
4352,1.52,13,5,1
4353,1.17,46,25,0
4354,1.52,13,5,1
4355,1.1,36,22,0
4356,1.52,13,5,1
4357,0.95,75,24,0
4358,1.52,13,5,1
4359,1.1,36,22,0
4360,1.52,13,5,1
4361,0.99,37,20,0
4362,1.52,13,5,1
4363,1.1,36,22,0
4364,1.52,13,5,1
4365,1.09,37,22,0
4366,1.52,13,5,1
4367,0.08,75,8,0
4368,1.52,13,5,1
4369,1.1,36,22,0
4370,1.52,13,5,1
4371,1.09,44,23,0
4372,1.52,13,5,1
4373,0.83,94,25,0
4374,1.52,13,5,1
4375,0.6,34,12,0
4376,1.52,13,5,1
4377,1.31,52,29,0
4378,1.52,13,5,1
4379,0.57,63,14,0
4380,1.52,13,5,1
4381,1.21,52,27,0
4382,1.52,13,5,1
4383,0.53,87,18,0
4384,1.52,13,5,1
4385,1.1,36,22,0
4386,1.52,13,5,1
4387,1.33,50,29,0
4388,1.52,13,5,1
4389,0.92,63,21,0
4390,1.52,13,5,1
4391,-1.14,90,8,0
4392,1.52,13,5,1
4393,1.09,44,23,0
4394,1.52,13,5,1
4395,1.1,36,22,0
4396,1.52,13,5,1
4397,0.91,74,23,0
4398,1.52,13,5,1
4399,-0.02,63,7,0
4400,1.52,13,5,1
4401,1.1,36,22,0
4402,1.52,13,5,1
4403,0.77,118,29,0
4404,1.52,13,5,1
4405,0.64,76,18,0
4406,1.52,13,5,1
4407,0.85,85,24,0
4408,1.52,13,5,1
4409,0.7,70,18,0
4410,1.52,13,5,1
4411,0.73,82,21,0
4412,1.52,13,5,1
4413,1.1,36,22,0
4414,1.52,13,5,1
4415,0.71,40,15,0
4416,1.52,13,5,1
4417,1.09,39,22,0
4418,1.52,13,5,1
4419,0.79,83,22,0
4420,1.52,13,5,1
4421,1.35,48,29,0
4422,1.52,13,5,1
4423,0.95,85,26,0
4424,1.52,13,5,1
4425,0.44,76,14,0
4426,1.52,13,5,1
4427,0.85,80,23,0
4428,1.52,13,5,1
4429,1.1,36,22,0
4430,1.52,13,5,1
4431,0.93,40,19,0
4432,1.52,13,5,1
4433,0.92,78,24,0
4434,1.52,13,5,1
4435,0.75,70,19,0
4436,1.52,13,5,1
4437,1.11,42,23,0
4438,1.52,13,5,1
4439,0.44,106,20,0
4440,1.52,13,5,1
4441,1.02,78,26,0
4442,0.58,28,9,0
4443,1.1,38,22,0
4444,1.52,13,5,1
4445,1.1,38,22,0
4446,1.52,13,5,1
4447,0.85,85,24,0
4448,-0.22,37,3,0
4449,0.59,91,20,0
4450,1.52,13,5,1
4451,1.1,36,22,0
4452,1.52,13,5,1
4453,0.19,141,22,0
4454,1.52,13,5,1
4455,0.73,72,19,0
4456,1.52,13,5,1
4457,0.71,104,25,0
4458,1.52,13,5,1
4459,1.1,38,22,0
4460,1.52,13,5,1
4461,1.1,36,22,0
4462,1.52,13,5,1
4463,1.04,39,21,0
4464,1.52,13,5,1
4465,1.1,36,22,0
4466,1.52,13,5,1
4467,0.38,92,16,0
4468,1.52,13,5,1
4469,1.1,36,22,0
4470,1.52,13,5,1
4471,1.32,46,28,0
4472,1.52,13,5,1
4473,1.1,36,22,0
4474,1.52,13,5,1
4475,1.1,36,22,0
4476,1.52,13,5,1
4477,0.93,74,23,0
4478,1.52,13,5,1
4479,1.1,36,22,0
4480,1.52,13,5,1
4481,1.1,36,22,0
4482,1.52,13,5,1
4483,1.06,42,22,0
4484,1.52,13,5,1
4485,1.1,36,22,0
4486,1.52,13,5,1
4487,0.28,32,7,0
4488,1.52,13,5,1
4489,1.1,36,22,0
4490,1.52,13,5,1
4491,1.11,42,23,0
4492,1.52,13,5,1
4493,1.1,36,22,0
4494,1.52,13,5,1
4495,0.88,87,25,0
4496,1.52,13,5,1
4497,0.44,106,20,0
4498,1.52,13,5,1
4499,0.99,37,20,0
4500,1.52,13,5,1
4501,0.45,95,18,0
4502,1.52,13,5,1
4503,1.1,38,22,0
4504,1.52,13,5,1
4505,0.85,80,23,0
4506,1.52,13,5,1
4507,0.93,40,19,0
4508,1.52,13,5,1
4509,0.85,85,24,0
4510,1.52,13,5,1
4511,1.3,48,28,0
4512,1.52,13,5,1
4513,1.1,36,22,0
4514,1.52,13,5,1
4515,1.04,39,21,0
4516,1.52,13,5,1
4517,1.19,44,25,0
4518,1.52,13,5,1
4519,1.27,46,27,0
4520,1.52,13,5,1
4521,1.27,46,27,0
4522,1.52,13,5,1
4523,1.1,36,22,0
4524,1.52,13,5,1
4525,1.11,42,23,0
4526,1.52,13,5,1
4527,1.27,46,27,0
4528,1.52,13,5,1
4529,0.63,87,20,0
4530,1.52,13,5,1
4531,1.1,36,22,0
4532,0.62,35,9,0
4533,0.9,87,25,0
4534,1.52,13,5,1
4535,1.09,39,22,0
4536,1.52,13,5,1
4537,1.04,39,21,0
4538,1.52,13,5,1
4539,1.35,48,29,0
4540,1.52,13,5,1
4541,1.11,42,23,0
4542,1.52,13,5,1
4543,0.56,79,17,0
4544,1.52,13,5,1
4545,1.1,36,22,0
4546,1.52,13,5,1
4547,1.35,48,29,0
4548,1.52,13,5,1
4549,1.09,76,27,0
4550,1.52,13,5,1
4551,1.25,48,27,0
4552,1.52,13,5,1
4553,1.05,87,28,0
4554,1.52,13,5,1
4555,0.75,85,22,0
4556,1.52,13,5,1
4557,1.42,47,29,0
4558,1.52,13,5,1
4559,0.51,104,21,0
4560,1.52,13,5,1
4561,0.8,80,22,0
4562,1.52,13,5,1
4563,0.63,122,27,0
4564,1.52,13,5,1
4565,0.73,94,23,0
4566,1.52,13,5,1
4567,0.7,95,23,0
4568,1.5,15,5,1
4569,0.83,89,24,0
4570,1.52,13,5,1
4571,0.74,106,26,0
4572,1.52,13,5,1
4573,0.92,91,25,0
4574,1.52,13,5,1
4575,1.19,44,25,0
4576,1.52,13,5,1
4577,1.1,36,22,0
4578,1.52,13,5,1
4579,0.53,87,18,0
4580,1.52,13,5,1
4581,1.1,36,22,0
4582,1.52,13,5,1
4583,0.83,77,22,0
4584,1.52,13,5,1
4585,1.1,36,22,0
4586,1.52,13,5,1
4587,0.69,86,21,0
4588,1.52,13,5,1
4589,0.92,73,23,0
4590,1.52,13,5,1
4591,1.1,36,22,0
4592,1.52,13,5,1
4593,1.19,44,25,0
4594,1.52,13,5,1
4595,1.19,44,25,0
4596,1.52,13,5,1
4597,1.1,36,22,0
4598,1.52,13,5,1
4599,0.94,53,19,0
4600,1.52,13,5,1
4601,1.07,73,26,0
4602,1.52,13,5,1
4603,0.21,111,18,0
4604,1.52,13,5,1
4605,0.5,90,18,0
4606,1.52,13,5,1
4607,0.49,106,21,0
4608,1.52,13,5,1
4609,1.26,49,25,0
4610,1.5,15,5,1
4611,1.35,48,29,0
4612,1.52,13,5,1
4613,1.22,46,26,0
4614,1.52,13,5,1
4615,1.1,36,22,0
4616,1.52,13,5,1
4617,0.72,103,25,0
4618,1.52,13,5,1
4619,0.99,61,22,0
4620,1.52,13,5,1
4621,1.27,46,27,0
4622,1.52,13,5,1
4623,0.81,76,21,0
4624,1.52,13,5,1
4625,0.99,37,20,0
4626,1.52,13,5,1
4627,1.1,36,22,0
4628,1.52,13,5,1
4629,0.99,74,25,0
4630,1.52,13,5,1
4631,1.14,44,24,0
4632,1.52,13,5,1
4633,1.1,36,22,0
4634,1.52,13,5,1
4635,1.19,44,25,0
4636,1.52,13,5,1
4637,0.65,85,20,0
4638,1.52,13,5,1
4639,1.1,36,22,0
4640,1.52,13,5,1
4641,1.1,36,22,0
4642,1.52,13,5,1
4643,1.09,54,25,0
4644,0.37,55,11,0
4645,1.1,36,22,0
4646,1.52,13,5,1
4647,1.1,36,22,0
4648,1.52,13,5,1
4649,1.1,38,22,0
4650,1.52,13,5,1
4651,1.1,36,22,0
4652,1.52,13,5,1
4653,1.1,36,22,0
4654,0.43,29,5,0
4655,0.75,65,18,0
4656,1.52,13,5,1
4657,1.1,36,22,0
4658,1.52,13,5,1
4659,0.73,82,21,0
4660,1.52,13,5,1
4661,1.06,42,22,0
4662,1.52,13,5,1
4663,1.19,44,25,0
4664,1.52,13,5,1
4665,1.1,36,22,0
4666,1.52,13,5,1
4667,1.1,36,22,0
4668,1.52,13,5,1
4669,1.1,36,22,0
4670,1.52,13,5,1
4671,1.1,36,22,0
4672,1.52,13,5,1
4673,1.14,44,24,0
4674,1.52,13,5,1
4675,0.79,93,24,0
4676,1.52,13,5,1
4677,0.73,139,32,0
4678,1.52,13,5,1
4679,1.07,83,28,0
4680,1.52,13,5,1
4681,0.66,111,25,0
4682,1.52,13,5,1
4683,1.11,42,23,0
4684,1.52,13,5,1
4685,0.92,83,25,0
4686,1.52,13,5,1
4687,0.95,95,28,0
4688,1.52,13,5,1
4689,1.35,48,29,0
4690,1.52,13,5,1
4691,1.03,102,31,0
4692,1.52,13,5,1
4693,0.59,101,22,0
4694,1.52,13,5,1
4695,1.45,53,32,0
4696,1.52,13,5,1
4697,1.1,36,22,0
4698,1.52,13,5,1
4699,1.26,86,32,0
4700,1.52,13,5,1
4701,0.71,89,22,0
4702,1.52,13,5,1
4703,0.9,70,22,0
4704,1.52,13,5,1
4705,1.06,42,22,0
4706,1.52,13,5,1
4707,1.1,36,22,0
4708,1.52,13,5,1
4709,1.1,36,22,0
4710,1.52,13,5,1
4711,1.11,42,23,0
4712,1.52,13,5,1
4713,1.15,80,29,0
4714,1.52,13,5,1
4715,1.1,36,22,0
4716,0.59,32,9,0
4717,1.2,90,32,0
4718,1.52,13,5,1
4719,1.11,42,23,0
4720,1.52,13,5,1
4721,0.59,93,20,0
4722,1.52,13,5,1
4723,0.39,88,24,0
4724,1.52,13,5,1
4725,0.86,86,24,0
4726,1.52,13,5,1
4727,0.98,97,29,0
4728,1.52,13,5,1
4729,1.1,36,22,0
4730,1.52,13,5,1
4731,0.7,63,17,0
4732,1.52,13,5,1
4733,0.34,116,20,0
4734,1.52,13,5,1
4735,0.82,78,22,0
4736,1.52,13,5,1
4737,0.15,31,9,0
4738,1.52,13,5,1
4739,1.35,48,29,0
4740,1.52,13,5,1
4741,0.9,77,23,0
4742,1.52,13,5,1
4743,1.22,78,30,0
4744,1.52,13,5,1
4745,1.1,36,22,0
4746,1.52,13,5,1
4747,1.19,44,25,0
4748,1.52,13,5,1
4749,0.98,87,27,0
4750,1.52,13,5,1
4751,1.22,46,26,0
4752,1.52,13,5,1
4753,0.43,133,26,0
4754,1.52,13,5,1
4755,1.1,36,22,0
4756,1.52,13,5,1
4757,1.19,44,25,0
4758,1.52,13,5,1
4759,1.1,36,22,0
4760,1.52,13,5,1
4761,0.87,88,25,0
4762,1.52,13,5,1
4763,1.09,37,22,0
4764,1.52,13,5,1
4765,1.1,36,22,0
4766,1.52,13,5,1
4767,0.86,101,27,0
4768,1.52,13,5,1
4769,1.35,48,29,0
4770,1.52,13,5,1
4771,1.1,36,22,0
4772,1.52,13,5,1
4773,1.1,36,22,0
4774,1.52,13,5,1
4775,1.1,36,22,0
4776,1.52,13,5,1
4777,1.11,42,23,0
4778,1.52,13,5,1
4779,1.17,46,25,0
4780,1.52,13,5,1
4781,0.97,34,19,0
4782,1.52,13,5,1
4783,1.1,36,22,0
4784,1.52,13,5,1
4785,1.1,36,22,0
4786,1.52,13,5,1
4787,1.1,36,22,0
4788,1.52,13,5,1
4789,1.5,63,35,0
4790,1.52,13,5,1
4791,1.1,36,22,0
4792,1.52,13,5,1
4793,1.35,48,29,0
4794,1.52,13,5,1
4795,0.52,76,16,0
4796,1.52,13,5,1
4797,1.1,36,22,0
4798,1.52,13,5,1
4799,0.99,37,20,0
4800,1.52,13,5,1
4801,1.1,36,22,0
4802,1.52,13,5,1
4803,1.1,36,22,0
4804,1.52,13,5,1
4805,1.1,36,22,0
4806,1.52,13,5,1
4807,1.1,36,22,0
4808,1.52,13,5,1
4809,1.1,36,22,0
4810,1.52,13,5,1
4811,1.1,36,22,0
4812,1.52,13,5,1
4813,1.1,36,22,0
4814,1.52,13,5,1
4815,1.14,44,24,0
4816,1.52,13,5,1
4817,1.1,36,22,0
4818,1.52,13,5,1
4819,0.69,91,22,0
4820,1.52,13,5,1
4821,1.1,36,22,0
4822,1.52,13,5,1
4823,1.1,36,22,0
4824,1.52,13,5,1
4825,1.45,55,30,0
4826,1.52,13,5,1
4827,1.1,36,22,0
4828,1.52,13,5,1
4829,1.1,36,22,0
4830,1.52,13,5,1
4831,1.1,36,22,0
4832,1.52,13,5,1
4833,0.33,107,18,0
4834,1.52,13,5,1
4835,0.99,37,20,0
4836,1.52,13,5,1
4837,1.1,36,22,0
4838,1.52,13,5,1
4839,0.9,82,24,0
4840,1.52,13,5,1
4841,0.67,93,22,0
4842,1.52,13,5,1
4843,1.1,36,22,0
4844,1.52,13,5,1
4845,1.1,36,22,0
4846,1.52,13,5,1
4847,1.1,36,22,0
4848,1.52,13,5,1
4849,1.19,44,25,0
4850,1.52,13,5,1
4851,0.88,82,24,0
4852,1.52,13,5,1
4853,1.19,44,25,0
4854,1.52,13,5,1
4855,0.93,57,20,0
4856,1.52,13,5,1
4857,1.1,36,22,0
4858,1.52,13,5,1
4859,1.19,44,25,0
4860,1.52,13,5,1
4861,0.69,96,23,0
4862,1.52,13,5,1
4863,1.11,42,23,0
4864,1.52,13,5,1
4865,0.79,81,22,0
4866,1.52,13,5,1
4867,0.71,94,23,0
4868,1.52,13,5,1
4869,0.59,74,17,0
4870,1.52,13,5,1
4871,0.62,93,21,0
4872,1.52,13,5,1
4873,0.84,93,25,0
4874,1.52,13,5,1
4875,0.55,80,17,0
4876,1.52,13,5,1
4877,0.85,70,21,0
4878,1.52,13,5,1
4879,0.82,83,23,0
4880,1.52,13,5,1
4881,0.05,130,17,0
4882,1.52,13,5,1
4883,0.76,74,20,0
4884,1.52,13,5,1
4885,0.73,77,20,0
4886,1.52,13,5,1
4887,0.77,103,26,0
4888,1.52,13,5,1
4889,0.59,91,20,0
4890,1.52,13,5,1
4891,0.4,80,16,0
4892,1.52,13,5,1
4893,0.21,64,10,0
4894,1.52,13,5,1
4895,0.74,76,20,0
4896,1.52,13,5,1
4897,0.71,79,20,0
4898,1.52,13,5,1
4899,0.82,63,19,0
4900,1.52,13,5,1
4901,0.66,97,23,0
4902,1.52,13,5,1
4903,0.68,82,20,0
4904,1.52,13,5,1
4905,0.78,72,20,0
4906,1.52,13,5,1
4907,0.86,94,26,0
4908,1.52,13,5,1
4909,0.66,79,19,0
4910,1.52,13,5,1
4911,0.6,90,20,0
4912,1.52,13,5,1
4913,0.61,79,18,0
4914,1.52,13,5,1
4915,0.79,71,20,0
4916,1.52,13,5,1
4917,0.59,76,17,0
4918,1.52,13,5,1
4919,0.79,71,20,0
4920,1.52,13,5,1
4921,1.2,48,26,0
4922,1.52,13,5,1
4923,0.88,77,23,0
4924,1.52,13,5,1
4925,0.66,99,23,0
4926,1.52,13,5,1
4927,0.98,55,23,0
4928,1.52,13,5,1
4929,0.4,93,17,0
4930,1.52,13,5,1
4931,0.75,83,22,0
4932,1.52,13,5,1
4933,0.49,96,19,0
4934,1.52,13,5,1
4935,0.75,115,28,0
4936,1.52,13,5,1
4937,1.03,67,24,0
4938,1.52,13,5,1
4939,0.8,90,24,0
4940,1.52,13,5,1
4941,0.62,108,24,0
4942,1.52,13,5,1
4943,0.4,115,21,0
4944,1.52,13,5,1
4945,0.82,73,21,0
4946,1.52,13,5,1
4947,1.22,103,35,0
4948,1.52,13,5,1
4949,0.91,79,24,0
4950,1.52,13,5,1
4951,0.6,100,22,0
4952,1.52,13,5,1
4953,1.1,36,22,0
4954,1.52,13,5,1
4955,0.91,64,21,0
4956,1.52,13,5,1
4957,1.05,85,28,0
4958,1.52,13,5,1
4959,1.21,52,27,0
4960,1.52,13,5,1
4961,0.9,81,27,0
4962,1.52,13,5,1
4963,0.92,113,31,0
4964,1.52,13,5,1
4965,1.05,87,28,0
4966,1.52,13,5,1
4967,0.84,96,26,0
4968,1.52,13,5,1
4969,0.43,117,22,0
4970,1.52,13,5,1
4971,1.05,110,33,0
4972,1.52,13,5,1
4973,0.97,128,35,0
4974,1.52,13,5,1
4975,0.57,103,22,0
4976,1.52,13,5,1
4977,0.9,83,27,0
4978,1.52,13,5,1
4979,0.9,90,26,0
4980,1.52,13,5,1
4981,1.1,36,22,0
4982,1.52,13,5,1
4983,1.04,66,24,0
4984,1.52,13,5,1
4985,1.36,52,30,0
4986,1.52,13,5,1
4987,0.77,74,23,0
4988,1.52,13,5,1
4989,0.66,85,23,0
4990,1.52,13,5,1
4991,0.7,98,24,0
4992,1.52,13,5,1
4993,0.98,87,27,0
4994,1.52,13,5,1
4995,0.36,82,14,0
4996,1.52,13,5,1
4997,1.1,36,22,0
4998,1.52,13,5,1
4999,0.64,116,26,0
